No,ErrorCode,Name,Action,Image,Name_En,Action_En,Name_Ch,Action_Ch,Name_Kr,Action_Kr
E0000,0,NONE,,,,,,,,
E0001,10000,SYS_ERROR,,,,,,,,
E0002,10001,SYS_EMG_FRONT_LEFT,In : X0004 입력 확인,,,,,,,In : X0004 입력 확인
E0003,10002,SYS_EMG_FRONT_RIGHT,,,,,,,,
E0004,10003,SYS_EMG_REAR_LEFT,,,,,,,,
E0005,10004,SYS_EMG_REAR_RIGHT,,,,,,,,
E0006,10005,SYS_MAIN_VACUUM_OFF_CHECK,,,,,,,,
E0007,10006,SYS_WHEEL_FILE_NOT_SELECT,GUI Wheelmode 에서 File name 설정 필요함.,,,,,,,GUI Wheelmode 에서 File name 설정 필요함.
E0008,10007,SYS_WHEEL_FILE_SAVE_ERROR,,,,,,,,
E0009,10008,SYS_LEAKAGE_01_CHECK_ERROR,"설비 누수 발생 확인 필요
'In : X0060 ~ X0066",,,,,,,"설비 누수 발생 확인 필요
'In : X0060 ~ X0066"
E0010,10009,SYS_LEAKAGE_02_CHECK_ERROR,"설비 누수 발생 확인 필요
'In : X0060 ~ X0066",,,,,,,"설비 누수 발생 확인 필요
'In : X0060 ~ X0066"
E0011,10010,SYS_LEAKAGE_03_CHECK_ERROR,"설비 누수 발생 확인 필요
'In : X0060 ~ X0066",,,,,,,"설비 누수 발생 확인 필요
'In : X0060 ~ X0066"
E0012,10011,SYS_LEAKAGE_04_CHECK_ERROR,"설비 누수 발생 확인 필요
'In : X0060 ~ X0066",,,,,,,"설비 누수 발생 확인 필요
'In : X0060 ~ X0066"
E0013,10012,SYS_LEAKAGE_05_CHECK_ERROR,"설비 누수 발생 확인 필요
'In : X0060 ~ X0066",,,,,,,"설비 누수 발생 확인 필요
'In : X0060 ~ X0066"
E0014,10013,SYS_LEAKAGE_06_CHECK_ERROR,"설비 누수 발생 확인 필요
'In : X0060 ~ X0066",,,,,,,"설비 누수 발생 확인 필요
'In : X0060 ~ X0066"
E0015,10014,SYS_LEAKAGE_07_CHECK_ERROR,"설비 누수 발생 확인 필요
'In : X0060 ~ X0066",,,,,,,"설비 누수 발생 확인 필요
'In : X0060 ~ X0066"
E0016,10015,CHILLER_ALARM_ERROR,,,,,,,,
E0017,10016,CHILLER_NOT_RUN_ERROR,,,,,,,,
E0018,10017,CHILLER_DIW_01_NOT_ON_ERROR,,,,,,,,
E0019,10018,CHILLER_DIW_02_NOT_ON_ERROR,,,,,,,,
E0020,300000,STAG_ERROR,Stage 1 Servo on time 시간 초과,,,,,,,Stage 1 Servo on time 시간 초과
E0021,310000,STAG1_ERROR,Stage 1 Home 완료 시간 초과,,,,,,,Stage 1 Home 완료 시간 초과
E0022,310001,STAGE_1_SERVO_ON_TIMEOUT_ERROR,Stage 1 WarmUp 진행시 Water/ Dress 가동  완료 시간 초과,,,,,,,Stage 1 WarmUp 진행시 Water/ Dress 가동  완료 시간 초과
E0023,310002,STAGE_1_HOMING_TIMEOUT_ERROR,,,,,,,,
E0024,310003,STAGE_1_WARMUP_TIMEOUT_ERROR,,,,,,,,
E0025,310004,STAGE_1_WAFER_GRINDING_TIMEOUT_ERROR,,,,,,,,
E0026,310005,STAGE_1_DRESSING_TIMEOUT_ERROR,,,,,,,,
E0027,310006,STAGE_1_TABLE_GRINDING_TIMEOUT_ERROR,"WTS 의 On/Off 상태 점검 필요. 
 - 비접촉시 ( On), , 접촉시 (Off) 확인 필요
X0014 : WHEEL TOOL SETTER CHECK (WTS)",,,,,,,"WTS 의 On/Off 상태 점검 필요. 
 - 비접촉시 ( On), , 접촉시 (Off) 확인 필요
X0014 : WHEEL TOOL SETTER CHECK (WTS)"
E0028,310007,STAGE_1_WHEEL_JIG_NOT_CHECK_ERROR,"WTS 의 On/Off 상태 점검 필요. 
 - 비접촉시 ( On), , 접촉시 (Off) 확인 필요
X0014 : WHEEL TOOL SETTER CHECK (WTS)",,,,,,,"WTS 의 On/Off 상태 점검 필요. 
 - 비접촉시 ( On), , 접촉시 (Off) 확인 필요
X0014 : WHEEL TOOL SETTER CHECK (WTS)"
E0029,310008,STAGE_1_WHEEL_TOOLSETTER_ON_ERROR,"1. WTS 의 On/Off 상태 점검 필요. 
 - 비접촉시 ( On), , 접촉시 (Off) 확인 필요
X0014 : WHEEL TOOL SETTER CHECK (WTS)
2. Wheel 측정 Base Parameter 확인 필요.",,,,,,,"1. WTS 의 On/Off 상태 점검 필요. 
 - 비접촉시 ( On), , 접촉시 (Off) 확인 필요
X0014 : WHEEL TOOL SETTER CHECK (WTS)
2. Wheel 측정 Base Parameter 확인 필요."
E0030,310009,STAGE_1_WHEEL_TOOLSETTER_OFF_ERROR,"WTS 의 On/Off 상태 점검 필요. 
 - 비접촉시 ( On), , 접촉시 (Off) 확인 필요
X0014 : WHEEL TOOL SETTER CHECK (WTS)",,,,,,,"WTS 의 On/Off 상태 점검 필요. 
 - 비접촉시 ( On), , 접촉시 (Off) 확인 필요
X0014 : WHEEL TOOL SETTER CHECK (WTS)"
E0031,310010,STAGE_1_WHEEL_TOOLSETTER_DETECT_FIND_LIMIT_ERROR,"DTS 의 On/Off 상태 점검 필요. 
 - 비접촉시 ( On), , 접촉시 (Off) 확인 필요
X0015 : DRESS TOOL SETTER CHECK (DTS)",,,,,,,"DTS 의 On/Off 상태 점검 필요. 
 - 비접촉시 ( On), , 접촉시 (Off) 확인 필요
X0015 : DRESS TOOL SETTER CHECK (DTS)"
E0032,310011,STAGE_1_WHEEL_TOOLSETTER_ESCAPE_DOWN_LIMIT_ERROR,"DTS 의 On/Off 상태 점검 필요. 
 - 비접촉시 ( On), , 접촉시 (Off) 확인 필요
X0015 : DRESS TOOL SETTER CHECK (DTS)",,,,,,,"DTS 의 On/Off 상태 점검 필요. 
 - 비접촉시 ( On), , 접촉시 (Off) 확인 필요
X0015 : DRESS TOOL SETTER CHECK (DTS)"
E0033,310012,STAGE_1_DRESS_TOOLSETTER_ON_ERROR,"1. DTS 의 On/Off 상태 점검 필요. 
 - 비접촉시 ( On), , 접촉시 (Off) 확인 필요
 X0015 : DRESS TOOL SETTER CHECK (DTS)
2. Dress 측정 Base Parameter 확인 필요.",,,,,,,"1. DTS 의 On/Off 상태 점검 필요. 
 - 비접촉시 ( On), , 접촉시 (Off) 확인 필요
 X0015 : DRESS TOOL SETTER CHECK (DTS)
2. Dress 측정 Base Parameter 확인 필요."
E0034,310013,STAGE_1_DRESS_TOOLSETTER_OFF_ERROR,"DTS 의 On/Off 상태 점검 필요. 
 - 비접촉시 ( On), , 접촉시 (Off) 확인 필요
X0015 : DRESS TOOL SETTER CHECK (DTS)",,,,,,,"DTS 의 On/Off 상태 점검 필요. 
 - 비접촉시 ( On), , 접촉시 (Off) 확인 필요
X0015 : DRESS TOOL SETTER CHECK (DTS)"
E0035,310014,STAGE_1_DRESS_TOOLSETTER_DETECT_FIND_LIMIT_ERROR,,,,,,,,
E0036,310015,STAGE_1_DRESS_TOOLSETTER_ESCAPE_DOWN_LIMIT_ERROR,"Pump Flow Low Error 발생으로 I/O 및 Pump 상태 확인 필요
X0019 : VACUUM PUMP FLOW LOW ALARM CHECK",,,,,,,"Pump Flow Low Error 발생으로 I/O 및 Pump 상태 확인 필요
X0019 : VACUUM PUMP FLOW LOW ALARM CHECK"
E0037,310016,STAGE1_PUMP_ERROR,"Pump Temp Error 발생으로 I/O 및 Pump 상태 확인 필요
X001A : VACUUM PUMP TEMP. HIGH ALARM CHECK",,,,,,,"Pump Temp Error 발생으로 I/O 및 Pump 상태 확인 필요
X001A : VACUUM PUMP TEMP. HIGH ALARM CHECK"
E0038,310017,STAGE1_PUMP_LOW_ERROR,"Pump Overload Error 발생으로 I/O 및 Pump 상태 확인 필요
X001B : VACUUM PUMP OVERLOAD ALARM CHECK",,,,,,,"Pump Overload Error 발생으로 I/O 및 Pump 상태 확인 필요
X001B : VACUUM PUMP OVERLOAD ALARM CHECK"
E0039,310018,STAGE1_PUMP_HIGH_ERROR,"Pump Run Error 발생으로 I/O 및 Pump 상태 확인 필요
X0018 : VACUUM PUMP RUN CHECK
Y0018 : VACUUM PUMP RUN",,,,,,,"Pump Run Error 발생으로 I/O 및 Pump 상태 확인 필요
X0018 : VACUUM PUMP RUN CHECK
Y0018 : VACUUM PUMP RUN"
E0040,310019,STAGE1_PUMP_OVERLOAD_ERROR,"High pressure Pump Run Error 발생으로 I/O 및 Pump 상태 확인 필요
X0018 : VACUUM PUMP RUN CHECK
Y001D : HIGH PRESSURE PUMP RUN",,,,,,,"High pressure Pump Run Error 발생으로 I/O 및 Pump 상태 확인 필요
X0018 : VACUUM PUMP RUN CHECK
Y001D : HIGH PRESSURE PUMP RUN"
E0041,310020,STAGE1_PUMP_RUN_TIMEOUT,,,,,,,,
E0042,310021,STAGE1_ADD_PUMP_RUN_TIMEOUT,,,,,,,,
E0043,310022,STAGE1_HIGH_PUMP_ALARM_ERROR,,,,,,,,
E0044,310023,STAGE1_HIGH_PUMP_RUN_TIMEOUT,"Table air knife open 여부 확인 필요
Y03A : CHUCK TABLE AIR KNIFE OPEN (NORMAL CLOSE)",,,,,,,"Table air knife open 여부 확인 필요
Y03A : CHUCK TABLE AIR KNIFE OPEN (NORMAL CLOSE)"
E0045,310024,STAGE_1_WATER_ERROR,,,,,,,,
E0046,310025,STAGE_1_TABLE_WATER_NOT_ON_ERROR,,,,,,,,
E0047,310026,STAGE_1_TABLE_WATER_NOT_OFF_ERROR,,,,,,,,
E0048,310027,STAGE_1_EJECT_ON_CHECK_ERROR,,,,,,,,
E0049,310028,STAGE_1_EJECT_OFF_CHECK_ERROR,,,,,,,,
E0050,310029,STAGE_1_VAC_ON_CHECK_ERROR,,,,,,,,
E0051,310030,STAGE_1_VAC_OFF_CHECK_ERROR,"Pump Run Error 발생으로 I/O 및 Pump 상태 확인 필요
X0018 : VACUUM PUMP RUN CHECK
Y0018 : VACUUM PUMP RUN",,,,,,,"Pump Run Error 발생으로 I/O 및 Pump 상태 확인 필요
X0018 : VACUUM PUMP RUN CHECK
Y0018 : VACUUM PUMP RUN"
E0052,310031,STAGE_1_CLEAN_ERROR,,,,,,,,
E0053,310032,STAGE_1_TOPCLEAN_AIRKNIFE_NOT_ON_ERROR,,,,,,,,
E0054,310033,STAGE_1_TOPCLEAN_AIRKNIFE_NOT_OFF_ERROR,,,,,,,,
E0055,310034,STAGE_1_TOPCLEAN_WATER_NOT_ON_ERROR,,,,,,,,
E0056,310035,STAGE_1_TOPCLEAN_WATER_NOT_OFF_ERROR,,,,,,,,
E0057,310036,STAGE_1_TOPCLEAN_WATERKNIFE_NOT_ON_ERROR,,,,,,,,
E0058,310037,STAGE_1_TOPCLEAN_WATERKNIFE_NOT_OFF_ERROR,,,,,,,,
E0059,310038,STAGE_1_WHEEL_CLEAN_ERROR,,,,,,,,
E0060,310039,STAGE_1_WATER_NOT_ON_CHECK_ERROR,"Wheel Spindle collant Open Err 발생으로 I/O  상태 확인 필요
Y0013 : WHEEL COOLANT ON (NORMAL CLOSE)",,,,,,,"Wheel Spindle collant Open Err 발생으로 I/O  상태 확인 필요
Y0013 : WHEEL COOLANT ON (NORMAL CLOSE)"
E0061,310040,STAGE_1_WATER_NOT_OFF_CHECK_ERROR,"Dress Toolsetter air blow Open Err 발생으로 I/O  상태 확인 필요
Y0014 : DRESS TOOL SETTER AIR BLOW OPEN (NORMAL CLOSE)",,,,,,,"Dress Toolsetter air blow Open Err 발생으로 I/O  상태 확인 필요
Y0014 : DRESS TOOL SETTER AIR BLOW OPEN (NORMAL CLOSE)"
E0062,310041,STAGE_1_WHEELSPINDLE_COLLANT_NOT_OPEN_ERROR,"Table Front Nozzle Open Err 발생으로 I/O  상태 확인 필요
Y0040 : GRIND FRONT WORK CLEAN NOZZLE ON (INNER)",,,,,,,"Table Front Nozzle Open Err 발생으로 I/O  상태 확인 필요
Y0040 : GRIND FRONT WORK CLEAN NOZZLE ON (INNER)"
E0063,310042,STAGE_1_DTS_AIRBLOW_NOT_OPEN_ERROR,"Table Rear Nozzle Open Err 발생으로 I/O  상태 확인 필요
Y0041 : GRIND REAR WORK CLEAN NOZZLE ON (ADDITIONAL)",,,,,,,"Table Rear Nozzle Open Err 발생으로 I/O  상태 확인 필요
Y0041 : GRIND REAR WORK CLEAN NOZZLE ON (ADDITIONAL)"
E0064,310043,STAGE_1_FRONT_WATERNOZZLE_NOT_OPEN_ERROR,"Wheel Tip Nozzle Open Err 발생으로 I/O  상태 확인 필요
Y0042 : GRIND WHEEL TIP CLEAN NOZZLE ON (HIGH PRESSURE) RELAY",,,,,,,"Wheel Tip Nozzle Open Err 발생으로 I/O  상태 확인 필요
Y0042 : GRIND WHEEL TIP CLEAN NOZZLE ON (HIGH PRESSURE) RELAY"
E0065,310044,STAGE_1_REAR_WATERNOZZLE_NOT_OPEN_ERROR,,,,,,,,
E0066,310045,STAGE_1_WHEELTIP_CLEANNOZZLE_NOT_OPEN_ERROR,,,,,,,,
E0067,310046,STAGE_1_TABLE_CLEAN_ERROR,,,,,,,,
E0068,310047,STAGE_1_WAFER_CLEAN_TIMEOUT_ERROR,,,,,,,,
E0069,310048,STAGE_1_TABLE_CLEAN_TIMEOUT_ERROR,,,,,,,,
E0070,310049,STAGE_1_WAIT_POSITION_TIMEOUT_ERROR,,,,,,,,
E0071,310050,STAGE_1_GRIND_Z_AXIS_WORK_POSITION_CALCULATION_ERROR,"Step Grinding 모드 (Table/Dress/ Step_Mode) Grind Cycle Depth가 ""0"" 이하 일때 발생.",,,,,,,"Step Grinding 모드 (Table/Dress/ Step_Mode) Grind Cycle Depth가 ""0"" 이하 일때 발생."
E0072,310051,STAGE_1_GRIND_Z_START_POS_LOW_ERROR,,,,,,,,
E0073,310052,STAGE_1_GRIND_Z_END_POS_LOW_ERROR,Spindle Zaxis 작업 시작 위치가 Table 와 0.3 이하 차이가 없음,,,,,,,Spindle Zaxis 작업 시작 위치가 Table 와 0.3 이하 차이가 없음
E0074,310053,STAGE_1_WHEEL_THICKNESS_ERROR,Spindle Zaxis 작업 종료 위치가 Table 와 0.3 이하 차이가 없음,,,,,,,Spindle Zaxis 작업 종료 위치가 Table 와 0.3 이하 차이가 없음
E0075,310054,STAGE_1_WHEEL_THICKNESS_LIMIT_OVER_ERROR,"Wheel tip 의 두께가 Wheel para 에 설정값이하일때 발생.
 - Wheel 교체 필요.",,,,,,,"Wheel tip 의 두께가 Wheel para 에 설정값이하일때 발생.
 - Wheel 교체 필요."
E0076,310055,STAGE_1_WHEEL_NEED_TO_CHANGE_ERROR,"Wheel tip 의 두께가 ""0.5[mm]"" 이하 일때 Error 발생
 - Wheel 교체 필요.",,,,,,,"Wheel tip 의 두께가 ""0.5[mm]"" 이하 일때 Error 발생
 - Wheel 교체 필요."
E0077,310056,STAGE_1_DRESS_THICKNESS_ERROR,,,,,,,,
E0078,310057,STAGE_1_DRESSER_THICKNESS_LIMIT_OVER_ERROR,"Dress 의 두께가 Wheel para 에 설정값이하일때 발생.
 - Dress 교체 필요.",,,,,,,"Dress 의 두께가 Wheel para 에 설정값이하일때 발생.
 - Dress 교체 필요."
E0079,310058,STAGE_1_DRESSER_NEED_TO_CHANGE_ERROR,"Dress 의 두께가 Dressing 양보다 적을때 발생
 - Dress 교체 필요.",,,,,,,"Dress 의 두께가 Dressing 양보다 적을때 발생
 - Dress 교체 필요."
E0080,310059,STAGE_1_WHEEL_WAFER_NOT_CONTACT_ERROR,"Grinding 진행 후 Wafer 의 두께 변화가 없음. 
 - Spindle Wheel 이 Wafer 에 Grinding 가 되지 않았음.",,,,,,,"Grinding 진행 후 Wafer 의 두께 변화가 없음. 
 - Spindle Wheel 이 Wafer 에 Grinding 가 되지 않았음."
E0081,310060,STAGE_1_RECIPE_ERROR,,,,,,,,
E0082,310061,STAGE_1_TABLE_RECIPE_GRINDING_LIMIT_OVER_ERROR,"Table Grind Total Amount 설정 값이 WTS Gap 의 값보다 클때 발생. 
 - WTS 의 높이 조절 또는 Total Amount 조정 필요.",,,,,,,"Table Grind Total Amount 설정 값이 WTS Gap 의 값보다 클때 발생. 
 - WTS 의 높이 조절 또는 Total Amount 조정 필요."
E0083,310062,STAGE_1_TABLE_RECIPE_WTS_GAP_SET_LIMIT_ERROR, -Table 와 WTS 의 Recipe 설정 높이차이 확인 (BaseSetup 입력 오류),,,,,,, -Table 와 WTS 의 Recipe 설정 높이차이 확인 (BaseSetup 입력 오류)
E0084,310063,STAGE_1_TABLE_RECIPE_DTS_GAP_SET_LIMIT_ERROR, - Table 와 DTS 의 Recipe 설정 높이차이 확인 (BaseSetup 입력 오류),,,,,,, - Table 와 DTS 의 Recipe 설정 높이차이 확인 (BaseSetup 입력 오류)
E0085,310064,STAGE_1_DRESS_RECIPE_GRINDING_LIMIT_OVER_ERROR," - Dress Grinding Recipe 설정 Amount 확인 값이 ""0.8"" 이하 차이 일때 발생",,,,,,," - Dress Grinding Recipe 설정 Amount 확인 값이 ""0.8"" 이하 차이 일때 발생"
E0086,310065,STAGE_1_WAFER_TOPDOWN_RECIPE_GRINDING_LIMIT_OVER_ERROR,,,,,,,,
E0087,310066,STAGE_1_WAFER_TOPDOWN_TOTAL_RECIPE_GRINDING_LIMIT_OVER_ERROR,"TopDown mode 에서 Grinding 진행시 Total Amount 양이 ""0""  이하시 발생으로 재설정 필요",,,,,,,"TopDown mode 에서 Grinding 진행시 Total Amount 양이 ""0""  이하시 발생으로 재설정 필요"
E0088,310067,STAGE_1_WAFER_TARGET_TOTAL_RECIPE_GRINDING_LIMIT_OVER_ERROR,"Target mode 에서 Grinding 진행시 Target Amount 양이 ""0.2[mm]""  이하시 발생으로 재설정 필요",,,,,,,"Target mode 에서 Grinding 진행시 Target Amount 양이 ""0.2[mm]""  이하시 발생으로 재설정 필요"
E0089,310068,STAGE_1_WAFER_TARGET_GRINDING_LIMIT_OVER_ERROR,"Grinding 진행시 자재 두께가 ""0.2[mm]""  이하시 발생으로 측정값 재확인 필요",,,,,,,"Grinding 진행시 자재 두께가 ""0.2[mm]""  이하시 발생으로 측정값 재확인 필요"
E0090,310069,STAGE_1_WHEEL_DIAMETER_INFORMATION_ABNORMAL_ERROR,,,,,,,,
E0091,310070,STAGE_1_DRESSING_WHEEL_LOSS_LOW_ERROR,"Dressing 후에 Dress Loss amount 가 설정 최소값보다 작을때 발생으로
정상 Dress 여부 확인 필요",,,,,,,"Dressing 후에 Dress Loss amount 가 설정 최소값보다 작을때 발생으로
정상 Dress 여부 확인 필요"
E0092,310071,STAGE_1_DRESSING_LOSS_LIMIT_OVER_ERROR,,,,,,,,
E0093,310072,STAGE_1_IPG_ERROR,,,,,,,,
E0094,310073,STAGE_1_IPG_WATER_NOT_ON_ERROR,"IPG Collant open 여부 확인 필요
Y012 : IPG COOLANT ON (NORMAL CLOSE)",,,,,,,"IPG Collant open 여부 확인 필요
Y012 : IPG COOLANT ON (NORMAL CLOSE)"
E0095,310074,STAGE_1_IPG_WATER_NOT_OFF_ERROR,"IPG Collant open 여부 확인 필요
Y012 : IPG COOLANT ON (NORMAL CLOSE)",,,,,,,"IPG Collant open 여부 확인 필요
Y012 : IPG COOLANT ON (NORMAL CLOSE)"
E0096,310075,STAGE_1_IPG_UP_ERROR,"IPG Up/Down 출력 및 센서 상태 확인 필요
 - X0012 : IPG UP PRESSURE CHECK
 - Y0010 : IPG DOWN (NORMAL UP)",,,,,,,"IPG Up/Down 출력 및 센서 상태 확인 필요
 - X0012 : IPG UP PRESSURE CHECK
 - Y0010 : IPG DOWN (NORMAL UP)"
E0097,310076,STAGE_1_IPG_NOT_UP_ERROR,"IPG Up/Down 출력 및 센서 상태 확인 필요
 - X0012 : IPG UP PRESSURE CHECK
 - Y0010 : IPG DOWN (NORMAL UP)",,,,,,,"IPG Up/Down 출력 및 센서 상태 확인 필요
 - X0012 : IPG UP PRESSURE CHECK
 - Y0010 : IPG DOWN (NORMAL UP)"
E0098,310077,STAGE_1_IPG_NOT_DOWN_ERROR,"IPG Up/Down 출력 및 센서 상태 확인 필요
 - X0012 : IPG UP PRESSURE CHECK
 - Y0010 : IPG DOWN (NORMAL UP)",,,,,,,"IPG Up/Down 출력 및 센서 상태 확인 필요
 - X0012 : IPG UP PRESSURE CHECK
 - Y0010 : IPG DOWN (NORMAL UP)"
E0099,310078,STAGE_1_IPG_DOWN_ERROR,"IPG Up/Down 출력 및 센서 상태 확인 필요
 - X0012 : IPG UP PRESSURE CHECK
 - Y0010 : IPG DOWN (NORMAL UP)",,,,,,,"IPG Up/Down 출력 및 센서 상태 확인 필요
 - X0012 : IPG UP PRESSURE CHECK
 - Y0010 : IPG DOWN (NORMAL UP)"
E0100,310079,STAGE_1_IPG_ALARM_ERROR,"IPG Alarm 발생으로 입력 및 D-Module 상태 확인 필요
 - X0010 : IPG UNIT ALARM (NC)",,,,,,,"IPG Alarm 발생으로 입력 및 D-Module 상태 확인 필요
 - X0010 : IPG UNIT ALARM (NC)"
E0101,310080,STAGE_1_IPG_IBM_UPDOWN_VALUE_INVALID_ERROR,"IPG Master 가 Base 에서 Zero 설정을 위해 측정시 이상 값 발생
 - Up/Down 정상 및 IPG 측정 값 확인 ",,,,,,,"IPG Master 가 Base 에서 Zero 설정을 위해 측정시 이상 값 발생
 - Up/Down 정상 및 IPG 측정 값 확인 "
E0102,310081,STAGE_1_IPG_IBM_UP_VALUE_INVALID_ERROR,"IPG Master 가 Base 에서 Zero 설정을 위해 측정시 이상 값 발생
 - Up/Down 정상 및 IPG 측정 값 확인 ",,,,,,,"IPG Master 가 Base 에서 Zero 설정을 위해 측정시 이상 값 발생
 - Up/Down 정상 및 IPG 측정 값 확인 "
E0103,310082,STAGE_1_IPG_IBM_DOWN_VALUE_INVALID_ERROR,"IPG Master 가 Base 에서 Zero 설정을 위해 측정시 이상 값 발생
 - Up/Down 정상 및 IPG 측정 값 확인 ",,,,,,,"IPG Master 가 Base 에서 Zero 설정을 위해 측정시 이상 값 발생
 - Up/Down 정상 및 IPG 측정 값 확인 "
E0104,310083,STAGE_1_IPG_IBO_UPDOWN_VALUE_INVALID_ERROR,"IPG Object 가 Base 에서 Zero 설정을 위해 측정시 이상 값 발생
 - Up/Down 정상 및 IPG 측정 값 확인 ",,,,,,,"IPG Object 가 Base 에서 Zero 설정을 위해 측정시 이상 값 발생
 - Up/Down 정상 및 IPG 측정 값 확인 "
E0105,310084,STAGE_1_IPG_IBO_UP_VALUE_INVALID_ERROR,"IPG Object 가 Base 에서 Zero 설정을 위해 측정시 이상 값 발생
 - Up/Down 정상 및 IPG 측정 값 확인 ",,,,,,,"IPG Object 가 Base 에서 Zero 설정을 위해 측정시 이상 값 발생
 - Up/Down 정상 및 IPG 측정 값 확인 "
E0106,310085,STAGE_1_IPG_IBO_DOWN_VALUE_INVALID_ERROR,"IPG Object 가 Base 에서 Zero 설정을 위해 측정시 이상 값 발생
 - Up/Down 정상 및 IPG 측정 값 확인 ",,,,,,,"IPG Object 가 Base 에서 Zero 설정을 위해 측정시 이상 값 발생
 - Up/Down 정상 및 IPG 측정 값 확인 "
E0107,310086,STAGE_1_IPG_IBM_TABLE_THICK_LOW_MEASURE_ERROR,"Table Measure 중 IPG Master 가 Table 에서 측정시 이상 값 발생 Base Setup 에서 설정한 값과 차이사 발생시 Errror 발생
 - Base setup 설정값 확인 및 IPG 측정값 확인 필요.",,,,,,,"Table Measure 중 IPG Master 가 Table 에서 측정시 이상 값 발생 Base Setup 에서 설정한 값과 차이사 발생시 Errror 발생
 - Base setup 설정값 확인 및 IPG 측정값 확인 필요."
E0108,310087,STAGE_1_IPG_IBO_TABLE_THICK_LOW_MEASURE_ERROR,"Table Measure 중 IPG Object 가 Table 에서 측정시 이상 값 발생 Base Setup 에서 설정한 값과 차이사 발생시 Errror 발생
 - Base setup 설정값 확인 및 IPG 측정값 확인 필요.",,,,,,,"Table Measure 중 IPG Object 가 Table 에서 측정시 이상 값 발생 Base Setup 에서 설정한 값과 차이사 발생시 Errror 발생
 - Base setup 설정값 확인 및 IPG 측정값 확인 필요."
E0109,310088,STAGE_1_FLOWMETER_ERROR,,,,,,,,
E0110,310089,STAGE_1_WHEEL_SPINDLE_CDA_AIR_01_NOT_ON_ERROR,"Wheel CDA Air 이 Open 되지 않아 발생으로 입/출력 확인 필요
 - X0028 : MAIN CDA(1 2) ON CHECK (GAUGE,TABLE/IPG)",,,,,,,"Wheel CDA Air 이 Open 되지 않아 발생으로 입/출력 확인 필요
 - X0028 : MAIN CDA(1 2) ON CHECK (GAUGE,TABLE/IPG)"
E0111,310090,STAGE_1_WHEEL_SPINDLE_CDA_AIR_02_NOT_ON_ERROR,"Wheel CDA Air 이 Open 되지 않아 발생으로 입/출력 확인 필요
 - X0029 : MAIN CDA(1 2) ON CHECK (GAUGE,TABLE/IPG)",,,,,,,"Wheel CDA Air 이 Open 되지 않아 발생으로 입/출력 확인 필요
 - X0029 : MAIN CDA(1 2) ON CHECK (GAUGE,TABLE/IPG)"
E0112,310091,STAGE_1_WHEEL_SPINDLE_CDA_AIR_03_NOT_ON_ERROR,"Wheel CDA Air 이 Open 되지 않아 발생으로 입/출력 확인 필요
 - X0028 : MAIN CDA(1 2) ON CHECK (GAUGE,TABLE/IPG)
 - X0029 : MAIN CDA(1 2) ON CHECK (GAUGE,TABLE/IPG)",,,,,,,"Wheel CDA Air 이 Open 되지 않아 발생으로 입/출력 확인 필요
 - X0028 : MAIN CDA(1 2) ON CHECK (GAUGE,TABLE/IPG)
 - X0029 : MAIN CDA(1 2) ON CHECK (GAUGE,TABLE/IPG)"
E0113,310092,STAGE_1_WHEEL_SPINDLE_CDA_AIR_01_FLOW_NOT_ON_ERROR,"Wheel CDA Air 이 Open 되지 않아 발생으로 입/출력 확인 필요
 - Flow meter 확인 필요",,,,,,,"Wheel CDA Air 이 Open 되지 않아 발생으로 입/출력 확인 필요
 - Flow meter 확인 필요"
E0114,310093,STAGE_1_WHEEL_SPINDLE_CDA_AIR_02_FLOW_NOT_ON_ERROR,"Wheel CDA Air 이 Open 되지 않아 발생으로 입/출력 확인 필요
 - Flow meter 확인 필요",,,,,,,"Wheel CDA Air 이 Open 되지 않아 발생으로 입/출력 확인 필요
 - Flow meter 확인 필요"
E0115,310094,STAGE_1_WHEEL_SPINDLE_CDA_AIR_03_FLOW_NOT_ON_ERROR,"Wheel CDA Air 이 Open 되지 않아 발생으로 입/출력 확인 필요
 - Flow meter 확인 필요",,,,,,,"Wheel CDA Air 이 Open 되지 않아 발생으로 입/출력 확인 필요
 - Flow meter 확인 필요"
E0116,310095,STAGE_1_CDA_NOT_OPEN_ERROR,"CDA Air 이 Open/Close 가 비정상임
 - X0028 : MAIN CDA(1 2) ON CHECK (GAUGE,TABLE/IPG)
 - Y0028 : CDA 1_2 SELECT (GAUGE, TABLE/IPG)",,,,,,,"CDA Air 이 Open/Close 가 비정상임
 - X0028 : MAIN CDA(1 2) ON CHECK (GAUGE,TABLE/IPG)
 - Y0028 : CDA 1_2 SELECT (GAUGE, TABLE/IPG)"
E0117,310096,STAGE_1_CDA_NOT_CLOSE_ERROR,"CDA Air 이 Open/Close 가 비정상임
 - X0028 : MAIN CDA(1 2) ON CHECK (GAUGE,TABLE/IPG)
 - Y0028 : CDA 1_2 SELECT (GAUGE, TABLE/IPG)",,,,,,,"CDA Air 이 Open/Close 가 비정상임
 - X0028 : MAIN CDA(1 2) ON CHECK (GAUGE,TABLE/IPG)
 - Y0028 : CDA 1_2 SELECT (GAUGE, TABLE/IPG)"
E0118,310097,STAGE_1_CDA1_FLOW_NOT_OPEN_ERROR,"CDA Air 이 Open/Close 가 비정상임
 - Flow meter 확인 필요",,,,,,,"CDA Air 이 Open/Close 가 비정상임
 - Flow meter 확인 필요"
E0119,310098,STAGE_1_CDA2_FLOW_NOT_OPEN_ERROR,"CDA Air 이 Open/Close 가 비정상임
 - Flow meter 확인 필요",,,,,,,"CDA Air 이 Open/Close 가 비정상임
 - Flow meter 확인 필요"
E0120,310099,STAGE_1_CHUCK_TABLE_PCW_NOT_ON_ERROR,"Table PCW Open/Close 가 비정상임
 - X0040 : CHUCK TABLE PCW ON CHECK (GAUGE)
 - X0041 : CHUCK TABLE PCW OFF CHECK (GAUGE)",,,,,,,"Table PCW Open/Close 가 비정상임
 - X0040 : CHUCK TABLE PCW ON CHECK (GAUGE)
 - X0041 : CHUCK TABLE PCW OFF CHECK (GAUGE)"
E0121,310100,STAGE_1_CHUCK_TABLE_PCW_FLOW_NOT_ON_ERROR,"Table PCW Open/Close 가 비정상임
 - Flow meter 확인 필요",,,,,,,"Table PCW Open/Close 가 비정상임
 - Flow meter 확인 필요"
E0122,310101,STAGE_1_DRESS_PCW_NOT_ON_ERROR,"Dress PCW Open/Close 가 비정상임
 - X0042 : DRESS SPINDLE PCW ON CHECK (GAUGE)
 - X0043 : DRESS SPINDLE PCW OFF CHECK (GAUGE)",,,,,,,"Dress PCW Open/Close 가 비정상임
 - X0042 : DRESS SPINDLE PCW ON CHECK (GAUGE)
 - X0043 : DRESS SPINDLE PCW OFF CHECK (GAUGE)"
E0123,310102,STAGE_1_DRESS_PCW_NOT_ON_FLOW_ERROR,"Dress PCW Open/Close 가 비정상임
 - Flow meter 확인 필요",,,,,,,"Dress PCW Open/Close 가 비정상임
 - Flow meter 확인 필요"
E0124,310103,STAGE_1_WHEEL_SPINDLE_PCW_NOT_ON_ERROR,"Wheel PCW Open/Close 가 비정상임
 - X0044 : WHEEL SPINDLE PCW ON CHECK (GAUGE)
 - X0045 : WHEEL SPINDLE PCW OFF CHECK (GAUGE)",,,,,,,"Wheel PCW Open/Close 가 비정상임
 - X0044 : WHEEL SPINDLE PCW ON CHECK (GAUGE)
 - X0045 : WHEEL SPINDLE PCW OFF CHECK (GAUGE)"
E0125,310104,STAGE_1_WHEEL_SPINDLE_PCW_FLOW_NOT_ON_ERROR,"Wheel PCW Open/Close 가 비정상임
 - Flow meter 확인 필요",,,,,,,"Wheel PCW Open/Close 가 비정상임
 - Flow meter 확인 필요"
E0126,310105,STAGE_1_PCW_OFF_ERROR,,,,,,,,
E0127,310106,STAGE_1_PCW_TEMP_RANGEOVER_ERROR,"PCW 온도가 비정상임
 - Flow meter 확인 필요",,,,,,,"PCW 온도가 비정상임
 - Flow meter 확인 필요"
E0128,310107,STAGE_1_DIW1_TEMP_RANGEOVER_ERROR,"DIW 1 온도가 비정상임
 - Flow meter 확인 필요",,,,,,,"DIW 1 온도가 비정상임
 - Flow meter 확인 필요"
E0129,310108,STAGE_1_DIW2_TEMP_RANGEOVER_ERROR,"DIW 2 온도가 비정상임
 - Flow meter 확인 필요",,,,,,,"DIW 2 온도가 비정상임
 - Flow meter 확인 필요"
E0130,310109,STAGE_1_TABLE_VACUUM_8_INCH_NOT_ON_ERROR,"Table 8"" Vacuum in 되지 않음
 - X0034 : CHUCK TABLE VACCUM #1  (12/8) ON CHECK (GAUGE)
 - X0035 : CHUCK TABLE VACCUM #1  (12/8) OFF CHECK (GAUGE)
 - X0036 : CHUCK TABLE VACCUM #2  (12/8) ON CHECK (GAUGE)
 - X0037 : CHUCK TABLE VACCUM #2  (12/8) OFF CHECK (GAUGE)
 - Y0032 : CHUCK TABLE 8""_VACUUM ON
 - Y0033 : CHUCK TABLE 8""_WATER ON
 - Y0034 : CHUCK TABLE 8""_AIR BLOW ON
 - Y0035 : CHUCK TABLE 12""_VACUUM ON
 - Y0036 : CHUCK TABLE 12""_WATER ON
 - Y0037 : CHUCK TABLE 12""_AIR BLOW ON",,,,,,,"Table 8"" Vacuum in 되지 않음
 - X0034 : CHUCK TABLE VACCUM #1  (12/8) ON CHECK (GAUGE)
 - X0035 : CHUCK TABLE VACCUM #1  (12/8) OFF CHECK (GAUGE)
 - X0036 : CHUCK TABLE VACCUM #2  (12/8) ON CHECK (GAUGE)
 - X0037 : CHUCK TABLE VACCUM #2  (12/8) OFF CHECK (GAUGE)
 - Y0032 : CHUCK TABLE 8""_VACUUM ON
 - Y0033 : CHUCK TABLE 8""_WATER ON
 - Y0034 : CHUCK TABLE 8""_AIR BLOW ON
 - Y0035 : CHUCK TABLE 12""_VACUUM ON
 - Y0036 : CHUCK TABLE 12""_WATER ON
 - Y0037 : CHUCK TABLE 12""_AIR BLOW ON"
E0131,310110,STAGE_1_TABLE_VACUUM_8_INCH_NOT_OFF_ERROR,"Table 8"" Vacuum in 되지 않음
 - X0034 : CHUCK TABLE VACCUM #1  (12/8) ON CHECK (GAUGE)
 - X0035 : CHUCK TABLE VACCUM #1  (12/8) OFF CHECK (GAUGE)
 - X0036 : CHUCK TABLE VACCUM #2  (12/8) ON CHECK (GAUGE)
 - X0037 : CHUCK TABLE VACCUM #2  (12/8) OFF CHECK (GAUGE)
 - Y0032 : CHUCK TABLE 8""_VACUUM ON
 - Y0033 : CHUCK TABLE 8""_WATER ON
 - Y0034 : CHUCK TABLE 8""_AIR BLOW ON
 - Y0035 : CHUCK TABLE 12""_VACUUM ON
 - Y0036 : CHUCK TABLE 12""_WATER ON
 - Y0037 : CHUCK TABLE 12""_AIR BLOW ON",,,,,,,"Table 8"" Vacuum in 되지 않음
 - X0034 : CHUCK TABLE VACCUM #1  (12/8) ON CHECK (GAUGE)
 - X0035 : CHUCK TABLE VACCUM #1  (12/8) OFF CHECK (GAUGE)
 - X0036 : CHUCK TABLE VACCUM #2  (12/8) ON CHECK (GAUGE)
 - X0037 : CHUCK TABLE VACCUM #2  (12/8) OFF CHECK (GAUGE)
 - Y0032 : CHUCK TABLE 8""_VACUUM ON
 - Y0033 : CHUCK TABLE 8""_WATER ON
 - Y0034 : CHUCK TABLE 8""_AIR BLOW ON
 - Y0035 : CHUCK TABLE 12""_VACUUM ON
 - Y0036 : CHUCK TABLE 12""_WATER ON
 - Y0037 : CHUCK TABLE 12""_AIR BLOW ON"
E0132,310111,STAGE_1_TABLE_VACUUM_12_INCH_NOT_ON_ERROR,"Table 8"" Vacuum in 되지 않음
 - X0034 : CHUCK TABLE VACCUM #1  (12/8) ON CHECK (GAUGE)
 - X0035 : CHUCK TABLE VACCUM #1  (12/8) OFF CHECK (GAUGE)
 - X0036 : CHUCK TABLE VACCUM #2  (12/8) ON CHECK (GAUGE)
 - X0037 : CHUCK TABLE VACCUM #2  (12/8) OFF CHECK (GAUGE)
 - Y0032 : CHUCK TABLE 8""_VACUUM ON
 - Y0033 : CHUCK TABLE 8""_WATER ON
 - Y0034 : CHUCK TABLE 8""_AIR BLOW ON
 - Y0035 : CHUCK TABLE 12""_VACUUM ON
 - Y0036 : CHUCK TABLE 12""_WATER ON
 - Y0037 : CHUCK TABLE 12""_AIR BLOW ON",,,,,,,"Table 8"" Vacuum in 되지 않음
 - X0034 : CHUCK TABLE VACCUM #1  (12/8) ON CHECK (GAUGE)
 - X0035 : CHUCK TABLE VACCUM #1  (12/8) OFF CHECK (GAUGE)
 - X0036 : CHUCK TABLE VACCUM #2  (12/8) ON CHECK (GAUGE)
 - X0037 : CHUCK TABLE VACCUM #2  (12/8) OFF CHECK (GAUGE)
 - Y0032 : CHUCK TABLE 8""_VACUUM ON
 - Y0033 : CHUCK TABLE 8""_WATER ON
 - Y0034 : CHUCK TABLE 8""_AIR BLOW ON
 - Y0035 : CHUCK TABLE 12""_VACUUM ON
 - Y0036 : CHUCK TABLE 12""_WATER ON
 - Y0037 : CHUCK TABLE 12""_AIR BLOW ON"
E0133,310112,STAGE_1_TABLE_VACUUM_12_INCH_NOT_OFF_ERROR,"Table 8"" Vacuum in 되지 않음
 - X0034 : CHUCK TABLE VACCUM #1  (12/8) ON CHECK (GAUGE)
 - X0035 : CHUCK TABLE VACCUM #1  (12/8) OFF CHECK (GAUGE)
 - X0036 : CHUCK TABLE VACCUM #2  (12/8) ON CHECK (GAUGE)
 - X0037 : CHUCK TABLE VACCUM #2  (12/8) OFF CHECK (GAUGE)
 - Y0032 : CHUCK TABLE 8""_VACUUM ON
 - Y0033 : CHUCK TABLE 8""_WATER ON
 - Y0034 : CHUCK TABLE 8""_AIR BLOW ON
 - Y0035 : CHUCK TABLE 12""_VACUUM ON
 - Y0036 : CHUCK TABLE 12""_WATER ON
 - Y0037 : CHUCK TABLE 12""_AIR BLOW ON",,,,,,,"Table 8"" Vacuum in 되지 않음
 - X0034 : CHUCK TABLE VACCUM #1  (12/8) ON CHECK (GAUGE)
 - X0035 : CHUCK TABLE VACCUM #1  (12/8) OFF CHECK (GAUGE)
 - X0036 : CHUCK TABLE VACCUM #2  (12/8) ON CHECK (GAUGE)
 - X0037 : CHUCK TABLE VACCUM #2  (12/8) OFF CHECK (GAUGE)
 - Y0032 : CHUCK TABLE 8""_VACUUM ON
 - Y0033 : CHUCK TABLE 8""_WATER ON
 - Y0034 : CHUCK TABLE 8""_AIR BLOW ON
 - Y0035 : CHUCK TABLE 12""_VACUUM ON
 - Y0036 : CHUCK TABLE 12""_WATER ON
 - Y0037 : CHUCK TABLE 12""_AIR BLOW ON"
E0134,310113,STAGE_1_FRONT_NOZZLE_NOT_OPEN_ERROR,"Grind Front Nozzle Open 이 비정상임.
 - Y0040 : GRIND FRONT WORK CLEAN NOZZLE ON (INNER)",,,,,,,"Grind Front Nozzle Open 이 비정상임.
 - Y0040 : GRIND FRONT WORK CLEAN NOZZLE ON (INNER)"
E0135,310114,STAGE_1_FRONT_NOZZLE_NOT_CLOSE_ERROR,"Grind Front Nozzle Open 이 비정상임.
 - Y0040 : GRIND FRONT WORK CLEAN NOZZLE ON (INNER)",,,,,,,"Grind Front Nozzle Open 이 비정상임.
 - Y0040 : GRIND FRONT WORK CLEAN NOZZLE ON (INNER)"
E0136,310115,STAGE_1_REAR_NOZZLE_NOT_OPEN_ERROR,"Grind Rear Nozzle Open 이 비정상임.
 - Y0041 : GRIND REAR WORK CLEAN NOZZLE ON (ADDITIONAL)",,,,,,,"Grind Rear Nozzle Open 이 비정상임.
 - Y0041 : GRIND REAR WORK CLEAN NOZZLE ON (ADDITIONAL)"
E0137,310116,STAGE_1_REAR_NOZZLE_NOT_CLOSE_ERROR,"Grind Rear Nozzle Open 이 비정상임.
 - Y0041 : GRIND REAR WORK CLEAN NOZZLE ON (ADDITIONAL)",,,,,,,"Grind Rear Nozzle Open 이 비정상임.
 - Y0041 : GRIND REAR WORK CLEAN NOZZLE ON (ADDITIONAL)"
E0138,310117,STAGE_1_HIGH_PRESSURE_NOZZLE_NOT_OPEN_ERROR,"Grind Rear High Pressure Open 이 비정상임.
 - Y0042 : GRIND WHEEL TIP CLEAN NOZZLE ON (HIGH PRESSURE) RELAY",,,,,,,"Grind Rear High Pressure Open 이 비정상임.
 - Y0042 : GRIND WHEEL TIP CLEAN NOZZLE ON (HIGH PRESSURE) RELAY"
E0139,310118,STAGE_1_HIGH_PRESSURE_NOZZLE_NOT_CLOSE_ERROR,"Grind Rear High Pressure Open 이 비정상임.
 - Y0042 : GRIND WHEEL TIP CLEAN NOZZLE ON (HIGH PRESSURE) RELAY",,,,,,,"Grind Rear High Pressure Open 이 비정상임.
 - Y0042 : GRIND WHEEL TIP CLEAN NOZZLE ON (HIGH PRESSURE) RELAY"
E0140,310119,STAGE_1_WAFER_LOAD_THICKNESS_LOW_ERROR,"Wafer 측정 두께가 Parameter 의 입력값 보다 0.5[mm] 이상 작을때
 - IPG 측정 값 및 Parameter 입력값 확인 필요",,,,,,,"Wafer 측정 두께가 Parameter 의 입력값 보다 0.5[mm] 이상 작을때
 - IPG 측정 값 및 Parameter 입력값 확인 필요"
E0141,310120,STAGE_1_WAFER_N_IPGBASE_DIFF_VALUE_LOW_ERROR,"Wafer 와 IPG Base 높이 차이 가 0.5[mm] 이하 일때
 - IPG 측정 값 및 Parameter 입력값 확인 필요",,,,,,,"Wafer 와 IPG Base 높이 차이 가 0.5[mm] 이하 일때
 - IPG 측정 값 및 Parameter 입력값 확인 필요"
E0142,310121,STAGE_1_WAFER_ERROR,,,,,,,,
E0143,310122,STAGE_1_WAFER_IS_EXIST,Table clean 진행시 Wafer 가 있는 상황으로 Wafer 제거 후 진행 필요.,,,,,,,Table clean 진행시 Wafer 가 있는 상황으로 Wafer 제거 후 진행 필요.
E0144,310123,STAGE_1_WAFER_IS_NOT_EXIST,Wafer clean 진행시 Wafer 가 없는 상황으로 Wafer 투입 후 진행 필요.,,,,,,,Wafer clean 진행시 Wafer 가 없는 상황으로 Wafer 투입 후 진행 필요.
E0145,310124,STAGE_1_REGENERATIVE_RESISTANCE_THERMAL_CHECK_ERROR,"회생저항의 amarl 발생
 - X0013 : Regeerative Registance 온도 CHECK (NC)",,,,,,,"회생저항의 amarl 발생
 - X0013 : Regeerative Registance 온도 CHECK (NC)"
E0146,310125,STAG1_ERROR_END,,,,,,,,
E0147,310126,STAG2_ERROR,,,,,,,,
E0148,310127,STAGE_2_SERVO_ON_TIMEOUT_ERROR,,,,,,,,
E0149,310128,STAGE_2_HOMING_TIMEOUT_ERROR,,,,,,,,
E0150,310129,STAGE_2_WARMUP_TIMEOUT_ERROR,,,,,,,,
E0151,310130,STAGE_2_WAFER_GRINDING_TIMEOUT_ERROR,,,,,,,,
E0152,310131,STAGE_2_DRESSING_TIMEOUT_ERROR,,,,,,,,
E0153,310132,STAGE_2_TABLE_GRINDING_TIMEOUT_ERROR,,,,,,,,
E0154,310133,STAGE_2_WHEEL_ZIG_NOT_CHECK_ERROR,,,,,,,,
E0155,310134,STAGE_2_WHEEL_TOOLSETTER_ON_ERROR,,,,,,,,
E0156,310135,STAGE_2_WHEEL_TOOLSETTER_OFF_ERROR,,,,,,,,
E0157,310136,STAGE_2_WHEEL_TOOLSETTER_DETECT_FIND_LIMIT_ERROR,,,,,,,,
E0158,310137,STAGE_2_WHEEL_TOOLSETTER_ESCAPE_DOWN_LIMIT_ERROR,,,,,,,,
E0159,310138,STAGE_2_DRESS_TOOLSETTER_ON_ERROR,,,,,,,,
E0160,310139,STAGE_2_DRESS_TOOLSETTER_OFF_ERROR,,,,,,,,
E0161,310140,STAGE_2_DRESS_TOOLSETTER_DETECT_FIND_LIMIT_ERROR,,,,,,,,
E0162,310141,STAGE_2_DRESS_TOOLSETTER_ESCAPE_DOWN_LIMIT_ERROR,,,,,,,,
E0163,310142,STAGE_2_PUMP_ERROR,,,,,,,,
E0164,310143,STAGE_2_PUMP_LOW_ERROR,,,,,,,,
E0165,310144,STAGE_2_PUMP_HIGH_ERROR,,,,,,,,
E0166,310145,STAGE_2_PUMP_OVERLOAD_ERROR,,,,,,,,
E0167,310146,STAGE_2_PUMP_RUN_TIMEOUT,,,,,,,,
E0168,310147,STAGE_2_ADD_PUMP_RUN_TIMEOUT,,,,,,,,
E0169,310148,STAGE_2_HIGH_PUMP_ALARM_ERROR,,,,,,,,
E0170,310149,STAGE_2_HIGH_PUMP_RUN_TIMEOUT,,,,,,,,
E0171,310150,STAGE_2_WATER_ERROR,,,,,,,,
E0172,310151,STAGE_2_TABLE_WATER_NOT_ON_ERROR,,,,,,,,
E0173,310152,STAGE_2_TABLE_WATER_NOT_OFF_ERROR,,,,,,,,
E0174,310153,STAGE_2_EJECT_ON_CHECK_ERROR,,,,,,,,
E0175,310154,STAGE_2_EJECT_OFF_CHECK_ERROR,,,,,,,,
E0176,310155,STAGE_2_VAC_ON_CHECK_ERROR,,,,,,,,
E0177,310156,STAGE_2_VAC_OFF_CHECK_ERROR,,,,,,,,
E0178,310157,STAGE_2_CLEAN_ERROR,,,,,,,,
E0179,310158,STAGE_2_TOPCLEAN_AIRKNIFE_NOT_ON_ERROR,,,,,,,,
E0180,310159,STAGE_2_TOPCLEAN_AIRKNIFE_NOT_OFF_ERROR,,,,,,,,
E0181,310160,STAGE_2_TOPCLEAN_WATER_NOT_ON_ERROR,,,,,,,,
E0182,310161,STAGE_2_TOPCLEAN_WATER_NOT_OFF_ERROR,,,,,,,,
E0183,310162,STAGE_2_TOPCLEAN_WATERKNIFE_NOT_ON_ERROR,,,,,,,,
E0184,310163,STAGE_2_TOPCLEAN_WATERKNIFE_NOT_OFF_ERROR,,,,,,,,
E0185,310164,STAGE_2_WHEEL_CLEAN_ERROR,,,,,,,,
E0186,310165,STAGE_2_WATER_NOT_ON_CHECK_ERROR,,,,,,,,
E0187,310166,STAGE_2_WATER_NOT_OFF_CHECK_ERROR,,,,,,,,
E0188,310167,STAGE_2_WHEELSPINDLE_COLLANT_NOT_OPEN_ERROR,,,,,,,,
E0189,310168,STAGE_2_DTS_AIRBLOW_NOT_OPEN_ERROR,,,,,,,,
E0190,310169,STAGE_2_FRONT_WATERNOZZLE_NOT_OPEN_ERROR,,,,,,,,
E0191,310170,STAGE_2_REAR_WATERNOZZLE_NOT_OPEN_ERROR,,,,,,,,
E0192,310171,STAGE_2_WHEELTIP_CLEANNOZZLE_NOT_OPEN_ERROR,,,,,,,,
E0193,310172,STAGE_2_TABLE_CLEAN_ERROR,,,,,,,,
E0194,310173,STAGE_2_WAFER_CLEAN_TIMEOUT_ERROR,,,,,,,,
E0195,310174,STAGE_2_TABLE_CLEAN_TIMEOUT_ERROR,,,,,,,,
E0196,310175,STAGE_2_WAIT_POSITION_TIMEOUT_ERROR,,,,,,,,
E0197,310176,STAGE_2_GRIND_Z_AXIS_WORK_POSITION_CALCULATION_ERROR,,,,,,,,
E0198,310177,STAGE_2_WHEEL_THICKNESS_ERROR,,,,,,,,
E0199,310178,STAGE_2_WHEEL_THICKNESS_LIMIT_OVER_ERROR,,,,,,,,
E0200,310179,STAGE_2_WHEEL_NEED_TO_CHANGE_ERROR,,,,,,,,
E0201,310180,STAGE_2_DRESS_THICKNESS_ERROR,,,,,,,,
E0202,310181,STAGE_2_DRESSER_THICKNESS_LIMIT_OVER_ERROR,,,,,,,,
E0203,310182,STAGE_2_DRESSER_NEED_TO_CHANGE_ERROR,,,,,,,,
E0204,310183,STAGE_2_WHEEL_WAFER_NOT_CONTACT_ERROR,,,,,,,,
E0205,310184,STAGE_2_RECIPE_ERROR,,,,,,,,
E0206,310185,STAGE_2_TABLE_RECIPE_GRINDING_LIMIT_OVER_ERROR,,,,,,,,
E0207,310186,STAGE_2_TABLE_RECIPE_WTS_GAP_SET_LIMIT_ERROR,,,,,,,,
E0208,310187,STAGE_2_TABLE_RECIPE_DTS_GAP_SET_LIMIT_ERROR,,,,,,,,
E0209,310188,STAGE_2_DRESS_RECIPE_GRINDING_LIMIT_OVER_ERROR,,,,,,,,
E0210,310189,STAGE_2_WAFER_TOPDOWN_RECIPE_GRINDING_LIMIT_OVER_ERROR,,,,,,,,
E0211,310190,STAGE_2_WAFER_TOPDOWN_TOTAL_RECIPE_GRINDING_LIMIT_OVER_ERROR,,,,,,,,
E0212,310191,STAGE_2_WAFER_TARGET_TOTAL_RECIPE_GRINDING_LIMIT_OVER_ERROR,,,,,,,,
E0213,310192,STAGE_2_WAFER_TARGET_GRINDING_LIMIT_OVER_ERROR,,,,,,,,
E0214,310193,STAGE_2_WHEEL_DIAMETER_INFORMATION_ABNORMAL_ERROR,,,,,,,,
E0215,310194,STAGE_2_DRESSING_WHEEL_LOSS_LOW_ERROR,,,,,,,,
E0216,310195,STAGE_2_DRESSING_LOSS_LIMIT_OVER_ERROR,,,,,,,,
E0217,310196,STAGE_2_IPG_ERROR,,,,,,,,
E0218,310197,STAGE_2_IPG_WATER_NOT_ON_ERROR,,,,,,,,
E0219,310198,STAGE_2_IPG_WATER_NOT_OFF_ERROR,,,,,,,,
E0220,310199,STAGE_2_IPG_UP_ERROR,,,,,,,,
E0221,310200,STAGE_2_IPG_NOT_UP_ERROR,,,,,,,,
E0222,310201,STAGE_2_IPG_NOT_DOWN_ERROR,,,,,,,,
E0223,310202,STAGE_2_IPG_DOWN_ERROR,,,,,,,,
E0224,310203,STAGE_2_IPG_ALARM_ERROR,,,,,,,,
E0225,310204,STAGE_2_IPG_IBM_UPDOWN_VALUE_INVALID_ERROR,,,,,,,,
E0226,310205,STAGE_2_IPG_IBM_UP_VALUE_INVALID_ERROR,,,,,,,,
E0227,310206,STAGE_2_IPG_IBM_DOWN_VALUE_INVALID_ERROR,,,,,,,,
E0228,310207,STAGE_2_IPG_IBO_UPDOWN_VALUE_INVALID_ERROR,,,,,,,,
E0229,310208,STAGE_2_IPG_IBO_UP_VALUE_INVALID_ERROR,,,,,,,,
E0230,310209,STAGE_2_IPG_IBO_DOWN_VALUE_INVALID_ERROR,,,,,,,,
E0231,310210,STAGE_2_IPG_IBM_TABLE_THICK_LOW_MEASURE_ERROR,,,,,,,,
E0232,310211,STAGE_2_IPG_IBO_TABLE_THICK_LOW_MEASURE_ERROR,,,,,,,,
E0233,310212,STAGE_2_FLOWMETER_ERROR,,,,,,,,
E0234,310213,STAGE_2_WHEEL_SPINDLE_CDA_AIR_01_NOT_ON_ERROR,,,,,,,,
E0235,310214,STAGE_2_WHEEL_SPINDLE_CDA_AIR_02_NOT_ON_ERROR,,,,,,,,
E0236,310215,STAGE_2_WHEEL_SPINDLE_CDA_AIR_03_NOT_ON_ERROR,,,,,,,,
E0237,310216,STAGE_2_WHEEL_SPINDLE_CDA_AIR_01_FLOW_NOT_ON_ERROR,,,,,,,,
E0238,310217,STAGE_2_WHEEL_SPINDLE_CDA_AIR_02_FLOW_NOT_ON_ERROR,,,,,,,,
E0239,310218,STAGE_2_WHEEL_SPINDLE_CDA_AIR_03_FLOW_NOT_ON_ERROR,,,,,,,,
E0240,310219,STAGE_2_CDA_NOT_OPEN_ERROR,,,,,,,,
E0241,310220,STAGE_2_CDA_NOT_CLOSE_ERROR,,,,,,,,
E0242,310221,STAGE_2_CDA1_FLOW_NOT_OPEN_ERROR,,,,,,,,
E0243,310222,STAGE_2_CDA2_FLOW_NOT_OPEN_ERROR,,,,,,,,
E0244,310223,STAGE_2_CHUCK_TABLE_PCW_NOT_ON_ERROR,,,,,,,,
E0245,310224,STAGE_2_CHUCK_TABLE_PCW_FLOW_NOT_ON_ERROR,,,,,,,,
E0246,310225,STAGE_2_DRESS_PCW_NOT_ON_ERROR,,,,,,,,
E0247,310226,STAGE_2_DRESS_PCW_NOT_ON_FLOW_ERROR,,,,,,,,
E0248,310227,STAGE_2_WHEEL_SPINDLE_PCW_NOT_ON_ERROR,,,,,,,,
E0249,310228,STAGE_2_WHEEL_SPINDLE_PCW_FLOW_NOT_ON_ERROR,,,,,,,,
E0250,310229,STAGE_2_PCW_OFF_ERROR,,,,,,,,
E0251,310230,STAGE_2_PCW_TEMP_RANGEOVER_ERROR,,,,,,,,
E0252,310231,STAGE_2_DIW1_TEMP_RANGEOVER_ERROR,,,,,,,,
E0253,310232,STAGE_2_DIW2_TEMP_RANGEOVER_ERROR,,,,,,,,
E0254,310233,STAGE_2_TABLE_VACUUM_8_INCH_NOT_ON_ERROR,,,,,,,,
E0255,310234,STAGE_2_TABLE_VACUUM_8_INCH_NOT_OFF_ERROR,,,,,,,,
E0256,310235,STAGE_2_TABLE_VACUUM_12_INCH_NOT_ON_ERROR,,,,,,,,
E0257,310236,STAGE_2_TABLE_VACUUM_12_INCH_NOT_OFF_ERROR,,,,,,,,
E0258,310237,STAGE_2_FRONT_NOZZLE_NOT_OPEN_ERROR,,,,,,,,
E0259,310238,STAGE_2_FRONT_NOZZLE_NOT_CLOSE_ERROR,,,,,,,,
E0260,310239,STAGE_2_REAR_NOZZLE_NOT_OPEN_ERROR,,,,,,,,
E0261,310240,STAGE_2_REAR_NOZZLE_NOT_CLOSE_ERROR,,,,,,,,
E0262,310241,STAGE_2_HIGH_PRESSURE_NOZZLE_NOT_OPEN_ERROR,,,,,,,,
E0263,310242,STAGE_2_HIGH_PRESSURE_NOZZLE_NOT_CLOSE_ERROR,,,,,,,,
E0264,310243,STAGE_2_WAFER_LOAD_THICKNESS_LOW_ERROR,,,,,,,,
E0265,310244,STAGE_2_WAFER_N_IPGBASE_DIFF_VALUE_LOW_ERROR,,,,,,,,
E0266,310245,STAGE_2_WAFER_ERROR,,,,,,,,
E0267,310246,STAGE_2_WAFER_IS_EXIST,,,,,,,,
E0268,310247,STAGE_2_WAFER_IS_NOT_EXIST,,,,,,,,
E0269,310248,STAGE_2_REGENERATIVE_RESISTANCE_THERMAL_CHECK_ERROR,,,,,,,,
E0270,310249,STAG2_ERROR_END,,,,,,,,
E0271,310250,EQ_ERROR,,,,,,,,
E0272,310251,EQ_MOTION_ERROR,,,,,,,,
E0273,310252,EQ_MOTION_OPEN_ERROR,,,,,,,,
E0274,310253,EQ_MOTION_CLOSE_ERROR,,,,,,,,
E0275,310254,EQ_MOTION_NOT_EXIST_CONFIG,,,,,,,,
E0276,310255,EQ_MOTION_MODULE_IS_NULL,,,,,,,,
E0277,310256,EQ_MOTION_ML_START_ERROR,,,,,,,,
E0278,310257,EQ_MOTION_ML_STOP_ERROR,,,,,,,,
E0279,310258,EQ_MOTION_ML_WAIT_ERROR,,,,,,,,
E0280,310259,EQ_MOTION_ML_MOVE_ERROR,,,,,,,,
E0281,310260,EQ_MOTION_ML_TRIGGER_MOVE_ERROR,,,,,,,,
E0282,310261,EQ_STAG1_SPINDLE_Z_ERROR,,,,,,,,
E0283,310262,EQ_STAG1_SPINDLE_Z_NOT_HOME_DONE,,,,,,,,
E0284,310263,EQ_STAG1_SPINDLE_Z_HOME_TIMEOUT,,,,,,,,
E0285,310264,EQ_STAG1_SPINDLE_Z_NOT_DETECT,,,,,,,,
E0286,310265,EQ_STAG1_SPINDLE_Z_POT_DETECT,,,,,,,,
E0287,310266,EQ_STAG1_SPINDLE_Z_SERVO_IS_OFF,,,,,,,,
E0288,310267,EQ_STAG1_SPINDLE_Z_SERVO_ON_TIMEOUT,,,,,,,,
E0289,310268,EQ_STAG1_SPINDLE_Z_BUSY,,,,,,,,
E0290,310269,EQ_STAG1_SPINDLE_Z_ALARM_ON,,,,,,,,
E0291,310270,EQ_STAG1_SPINDLE_Z_MOVE_TIMEOUT,,,,,,,,
E0292,310271,EQ_STAG1_SPINDLE_Z_POSITION_GAP,,,,,,,,
E0293,310272,EQ_STAG1_SPINDLE_Z_POSITION_NEGATIVE_LIMIT,,,,,,,,
E0294,310273,EQ_STAG1_SPINDLE_Z_POSITION_POSITIVE_LIMIT,,,,,,,,
E0295,310274,EQ_STAG1_SPINDLE_Z_SET_SERVO,,,,,,,,
E0296,310275,EQ_STAG1_SPINDLE_Z_SET_CLEAR_ALARM,,,,,,,,
E0297,310276,EQ_STAG1_SPINDLE_Z_SET_HOME_DONE,,,,,,,,
E0298,310277,EQ_STAG1_SPINDLE_Z_MOVE_POS_ERROR,,,,,,,,
E0299,310278,EQ_STAG1_SPINDLE_Z_MOVE_STEP_ERROR,,,,,,,,
E0300,310279,EQ_STAG1_SPINDLE_Z_MOVE_JOG_ERROR,,,,,,,,
E0301,310280,EQ_STAG1_SPINDLE_Z_MOVE_HOME_ERROR,,,,,,,,
E0302,310281,EQ_STAG1_SPINDLE_Z_CANCEL_HOMING_ERROR,,,,,,,,
E0303,310282,EQ_STAG1_SPINDLE_Z_PAUSE_ERROR,,,,,,,,
E0304,310283,EQ_STAG1_SPINDLE_Z_RESUME_ERROR,,,,,,,,
E0305,310284,EQ_STAG1_SPINDLE_Z_STOP_ERROR,,,,,,,,
E0306,310285,EQ_STAG1_SPINDLE_Z_ESTOP_ERROR,,,,,,,,
E0307,310286,EQ_STAG1_SPINDLE_Z_WRITE_HOME_PARA,,,,,,,,
E0308,310287,EQ_STAG1_SPINDLE_Z_MEASURE_LIMIT_ERROR,,,,,,,,
E0309,310288,EQ_STAG1_SPINDLE_Z_ERROR_END,,,,,,,,
E0310,310289,EQ_STAG1_DRESS_Z_ERROR,,,,,,,,
E0311,310290,EQ_STAG1_DRESS_Z_NOT_HOME_DONE,,,,,,,,
E0312,310291,EQ_STAG1_DRESS_Z_HOME_TIMEOUT,,,,,,,,
E0313,310292,EQ_STAG1_DRESS_Z_NOT_DETECT,,,,,,,,
E0314,310293,EQ_STAG1_DRESS_Z_POT_DETECT,,,,,,,,
E0315,310294,EQ_STAG1_DRESS_Z_SERVO_IS_OFF,,,,,,,,
E0316,310295,EQ_STAG1_DRESS_Z_SERVO_ON_TIMEOUT,,,,,,,,
E0317,310296,EQ_STAG1_DRESS_Z_BUSY,,,,,,,,
E0318,310297,EQ_STAG1_DRESS_Z_ALARM_ON,,,,,,,,
E0319,310298,EQ_STAG1_DRESS_Z_MOVE_TIMEOUT,,,,,,,,
E0320,310299,EQ_STAG1_DRESS_Z_POSITION_GAP,,,,,,,,
E0321,310300,EQ_STAG1_DRESS_Z_POSITION_NEGATIVE_LIMIT,,,,,,,,
E0322,310301,EQ_STAG1_DRESS_Z_POSITION_POSITIVE_LIMIT,,,,,,,,
E0323,310302,EQ_STAG1_DRESS_Z_SET_SERVO,,,,,,,,
E0324,310303,EQ_STAG1_DRESS_Z_SET_CLEAR_ALARM,,,,,,,,
E0325,310304,EQ_STAG1_DRESS_Z_SET_HOME_DONE,,,,,,,,
E0326,310305,EQ_STAG1_DRESS_Z_MOVE_POS_ERROR,,,,,,,,
E0327,310306,EQ_STAG1_DRESS_Z_MOVE_STEP_ERROR,,,,,,,,
E0328,310307,EQ_STAG1_DRESS_Z_MOVE_JOG_ERROR,,,,,,,,
E0329,310308,EQ_STAG1_DRESS_Z_MOVE_HOME_ERROR,,,,,,,,
E0330,310309,EQ_STAG1_DRESS_Z_CANCEL_HOMING_ERROR,,,,,,,,
E0331,310310,EQ_STAG1_DRESS_Z_PAUSE_ERROR,,,,,,,,
E0332,310311,EQ_STAG1_DRESS_Z_RESUME_ERROR,,,,,,,,
E0333,310312,EQ_STAG1_DRESS_Z_STOP_ERROR,,,,,,,,
E0334,310313,EQ_STAG1_DRESS_Z_ESTOP_ERROR,,,,,,,,
E0335,310314,EQ_STAG1_DRESS_Z_WRITE_HOME_PARA,,,,,,,,
E0336,310315,EQ_STAG1_DRESS_Z_MEASURE_LIMIT_ERROR,,,,,,,,
E0337,310316,EQ_STAG1_DRESS_Z_ERROR_END,,,,,,,,
E0338,310317,EQ_STAG1_TABLE_R_ERROR,,,,,,,,
E0339,310318,EQ_STAG1_TABLE_R_NOT_HOME_DONE,,,,,,,,
E0340,310319,EQ_STAG1_TABLE_R_HOME_TIMEOUT,,,,,,,,
E0341,310320,EQ_STAG1_TABLE_R_NOT_DETECT,,,,,,,,
E0342,310321,EQ_STAG1_TABLE_R_POT_DETECT,,,,,,,,
E0343,310322,EQ_STAG1_TABLE_R_SERVO_IS_OFF,,,,,,,,
E0344,310323,EQ_STAG1_TABLE_R_SERVO_ON_TIMEOUT,,,,,,,,
E0345,310324,EQ_STAG1_TABLE_R_BUSY,,,,,,,,
E0346,310325,EQ_STAG1_TABLE_R_ALARM_ON,,,,,,,,
E0347,310326,EQ_STAG1_TABLE_R_MOVE_TIMEOUT,,,,,,,,
E0348,310327,EQ_STAG1_TABLE_R_POSITION_GAP,,,,,,,,
E0349,310328,EQ_STAG1_TABLE_R_POSITION_NEGATIVE_LIMIT,,,,,,,,
E0350,310329,EQ_STAG1_TABLE_R_POSITION_POSITIVE_LIMIT,,,,,,,,
E0351,310330,EQ_STAG1_TABLE_R_SET_SERVO,,,,,,,,
E0352,310331,EQ_STAG1_TABLE_R_SET_CLEAR_ALARM,,,,,,,,
E0353,310332,EQ_STAG1_TABLE_R_SET_HOME_DONE,,,,,,,,
E0354,310333,EQ_STAG1_TABLE_R_MOVE_POS_ERROR,,,,,,,,
E0355,310334,EQ_STAG1_TABLE_R_MOVE_STEP_ERROR,,,,,,,,
E0356,310335,EQ_STAG1_TABLE_R_MOVE_JOG_ERROR,,,,,,,,
E0357,310336,EQ_STAG1_TABLE_R_MOVE_HOME_ERROR,,,,,,,,
E0358,310337,EQ_STAG1_TABLE_R_CANCEL_HOMING_ERROR,,,,,,,,
E0359,310338,EQ_STAG1_TABLE_R_PAUSE_ERROR,,,,,,,,
E0360,310339,EQ_STAG1_TABLE_R_RESUME_ERROR,,,,,,,,
E0361,310340,EQ_STAG1_TABLE_R_STOP_ERROR,,,,,,,,
E0362,310341,EQ_STAG1_TABLE_R_ESTOP_ERROR,,,,,,,,
E0363,310342,EQ_STAG1_TABLE_R_WRITE_HOME_PARA,,,,,,,,
E0364,310343,EQ_STAG1_TABLE_R_ERROR_END,,,,,,,,
E0365,310344,EQ_STAG1_TABLE_Y_ERROR,,,,,,,,
E0366,310345,EQ_STAG1_TABLE_Y_NOT_HOME_DONE,,,,,,,,
E0367,310346,EQ_STAG1_TABLE_Y_HOME_TIMEOUT,,,,,,,,
E0368,310347,EQ_STAG1_TABLE_Y_NOT_DETECT,,,,,,,,
E0369,310348,EQ_STAG1_TABLE_Y_POT_DETECT,,,,,,,,
E0370,310349,EQ_STAG1_TABLE_Y_SERVO_IS_OFF,,,,,,,,
E0371,310350,EQ_STAG1_TABLE_Y_SERVO_ON_TIMEOUT,,,,,,,,
E0372,310351,EQ_STAG1_TABLE_Y_BUSY,,,,,,,,
E0373,310352,EQ_STAG1_TABLE_Y_ALARM_ON,,,,,,,,
E0374,310353,EQ_STAG1_TABLE_Y_MOVE_TIMEOUT,,,,,,,,
E0375,310354,EQ_STAG1_TABLE_Y_POSITION_GAP,,,,,,,,
E0376,310355,EQ_STAG1_TABLE_Y_POSITION_NEGATIVE_LIMIT,,,,,,,,
E0377,310356,EQ_STAG1_TABLE_Y_POSITION_POSITIVE_LIMIT,,,,,,,,
E0378,310357,EQ_STAG1_TABLE_Y_SET_SERVO,,,,,,,,
E0379,310358,EQ_STAG1_TABLE_Y_SET_CLEAR_ALARM,,,,,,,,
E0380,310359,EQ_STAG1_TABLE_Y_SET_HOME_DONE,,,,,,,,
E0381,310360,EQ_STAG1_TABLE_Y_MOVE_POS_ERROR,,,,,,,,
E0382,310361,EQ_STAG1_TABLE_Y_MOVE_STEP_ERROR,,,,,,,,
E0383,310362,EQ_STAG1_TABLE_Y_MOVE_JOG_ERROR,,,,,,,,
E0384,310363,EQ_STAG1_TABLE_Y_MOVE_HOME_ERROR,,,,,,,,
E0385,310364,EQ_STAG1_TABLE_Y_CANCEL_HOMING_ERROR,,,,,,,,
E0386,310365,EQ_STAG1_TABLE_Y_PAUSE_ERROR,,,,,,,,
E0387,310366,EQ_STAG1_TABLE_Y_RESUME_ERROR,,,,,,,,
E0388,310367,EQ_STAG1_TABLE_Y_STOP_ERROR,,,,,,,,
E0389,310368,EQ_STAG1_TABLE_Y_ESTOP_ERROR,,,,,,,,
E0390,310369,EQ_STAG1_TABLE_Y_WRITE_HOME_PARA,,,,,,,,
E0391,310370,EQ_STAG1_TABLE_Y_ERROR_END,,,,,,,,
E0392,310371,EQ_STAG1_DRESS_R_ERROR,,,,,,,,
E0393,310372,EQ_STAG1_DRESS_R_NOT_HOME_DONE,,,,,,,,
E0394,310373,EQ_STAG1_DRESS_R_HOME_TIMEOUT,,,,,,,,
E0395,310374,EQ_STAG1_DRESS_R_NOT_DETECT,,,,,,,,
E0396,310375,EQ_STAG1_DRESS_R_POT_DETECT,,,,,,,,
E0397,310376,EQ_STAG1_DRESS_R_SERVO_IS_OFF,,,,,,,,
E0398,310377,EQ_STAG1_DRESS_R_SERVO_ON_TIMEOUT,,,,,,,,
E0399,310378,EQ_STAG1_DRESS_R_BUSY,,,,,,,,
E0400,310379,EQ_STAG1_DRESS_R_ALARM_ON,,,,,,,,
E0401,310380,EQ_STAG1_DRESS_R_MOVE_TIMEOUT,,,,,,,,
E0402,310381,EQ_STAG1_DRESS_R_POSITION_GAP,,,,,,,,
E0403,310382,EQ_STAG1_DRESS_R_POSITION_NEGATIVE_LIMIT,,,,,,,,
E0404,310383,EQ_STAG1_DRESS_R_POSITION_POSITIVE_LIMIT,,,,,,,,
E0405,310384,EQ_STAG1_DRESS_R_SET_SERVO,,,,,,,,
E0406,310385,EQ_STAG1_DRESS_R_SET_CLEAR_ALARM,,,,,,,,
E0407,310386,EQ_STAG1_DRESS_R_SET_HOME_DONE,,,,,,,,
E0408,310387,EQ_STAG1_DRESS_R_MOVE_POS_ERROR,,,,,,,,
E0409,310388,EQ_STAG1_DRESS_R_MOVE_STEP_ERROR,,,,,,,,
E0410,310389,EQ_STAG1_DRESS_R_MOVE_JOG_ERROR,,,,,,,,
E0411,310390,EQ_STAG1_DRESS_R_MOVE_HOME_ERROR,,,,,,,,
E0412,310391,EQ_STAG1_DRESS_R_CANCEL_HOMING_ERROR,,,,,,,,
E0413,310392,EQ_STAG1_DRESS_R_PAUSE_ERROR,,,,,,,,
E0414,310393,EQ_STAG1_DRESS_R_RESUME_ERROR,,,,,,,,
E0415,310394,EQ_STAG1_DRESS_R_STOP_ERROR,,,,,,,,
E0416,310395,EQ_STAG1_DRESS_R_ESTOP_ERROR,,,,,,,,
E0417,310396,EQ_STAG1_DRESS_R_WRITE_HOME_PARA,,,,,,,,
E0418,310397,EQ_STAG1_DRESS_R_ERROR_END,,,,,,,,
E0419,310398,EQ_STAG2_SPINDLE_Z_ERROR,,,,,,,,
E0420,310399,EQ_STAG2_SPINDLE_Z_NOT_HOME_DONE,,,,,,,,
E0421,310400,EQ_STAG2_SPINDLE_Z_HOME_TIMEOUT,,,,,,,,
E0422,310401,EQ_STAG2_SPINDLE_Z_NOT_DETECT,,,,,,,,
E0423,310402,EQ_STAG2_SPINDLE_Z_POT_DETECT,,,,,,,,
E0424,310403,EQ_STAG2_SPINDLE_Z_SERVO_IS_OFF,,,,,,,,
E0425,310404,EQ_STAG2_SPINDLE_Z_SERVO_ON_TIMEOUT,,,,,,,,
E0426,310405,EQ_STAG2_SPINDLE_Z_BUSY,,,,,,,,
E0427,310406,EQ_STAG2_SPINDLE_Z_ALARM_ON,,,,,,,,
E0428,310407,EQ_STAG2_SPINDLE_Z_MOVE_TIMEOUT,,,,,,,,
E0429,310408,EQ_STAG2_SPINDLE_Z_POSITION_GAP,,,,,,,,
E0430,310409,EQ_STAG2_SPINDLE_Z_POSITION_NEGATIVE_LIMIT,,,,,,,,
E0431,310410,EQ_STAG2_SPINDLE_Z_POSITION_POSITIVE_LIMIT,,,,,,,,
E0432,310411,EQ_STAG2_SPINDLE_Z_SET_SERVO,,,,,,,,
E0433,310412,EQ_STAG2_SPINDLE_Z_SET_CLEAR_ALARM,,,,,,,,
E0434,310413,EQ_STAG2_SPINDLE_Z_SET_HOME_DONE,,,,,,,,
E0435,310414,EQ_STAG2_SPINDLE_Z_MOVE_POS_ERROR,,,,,,,,
E0436,310415,EQ_STAG2_SPINDLE_Z_MOVE_STEP_ERROR,,,,,,,,
E0437,310416,EQ_STAG2_SPINDLE_Z_MOVE_JOG_ERROR,,,,,,,,
E0438,310417,EQ_STAG2_SPINDLE_Z_MOVE_HOME_ERROR,,,,,,,,
E0439,310418,EQ_STAG2_SPINDLE_Z_CANCEL_HOMING_ERROR,,,,,,,,
E0440,310419,EQ_STAG2_SPINDLE_Z_PAUSE_ERROR,,,,,,,,
E0441,310420,EQ_STAG2_SPINDLE_Z_RESUME_ERROR,,,,,,,,
E0442,310421,EQ_STAG2_SPINDLE_Z_STOP_ERROR,,,,,,,,
E0443,310422,EQ_STAG2_SPINDLE_Z_ESTOP_ERROR,,,,,,,,
E0444,310423,EQ_STAG2_SPINDLE_Z_WRITE_HOME_PARA,,,,,,,,
E0445,310424,EQ_STAG2_SPINDLE_Z_MEASURE_LIMIT_ERROR,,,,,,,,
E0446,310425,EQ_STAG2_SPINDLE_Z_ERROR_END,,,,,,,,
E0447,310426,EQ_STAG2_DRESS_Z_ERROR,,,,,,,,
E0448,310427,EQ_STAG2_DRESS_Z_NOT_HOME_DONE,,,,,,,,
E0449,310428,EQ_STAG2_DRESS_Z_HOME_TIMEOUT,,,,,,,,
E0450,310429,EQ_STAG2_DRESS_Z_NOT_DETECT,,,,,,,,
E0451,310430,EQ_STAG2_DRESS_Z_POT_DETECT,,,,,,,,
E0452,310431,EQ_STAG2_DRESS_Z_SERVO_IS_OFF,,,,,,,,
E0453,310432,EQ_STAG2_DRESS_Z_SERVO_ON_TIMEOUT,,,,,,,,
E0454,310433,EQ_STAG2_DRESS_Z_BUSY,,,,,,,,
E0455,310434,EQ_STAG2_DRESS_Z_ALARM_ON,,,,,,,,
E0456,310435,EQ_STAG2_DRESS_Z_MOVE_TIMEOUT,,,,,,,,
E0457,310436,EQ_STAG2_DRESS_Z_POSITION_GAP,,,,,,,,
E0458,310437,EQ_STAG2_DRESS_Z_POSITION_NEGATIVE_LIMIT,,,,,,,,
E0459,310438,EQ_STAG2_DRESS_Z_POSITION_POSITIVE_LIMIT,,,,,,,,
E0460,310439,EQ_STAG2_DRESS_Z_SET_SERVO,,,,,,,,
E0461,310440,EQ_STAG2_DRESS_Z_SET_CLEAR_ALARM,,,,,,,,
E0462,310441,EQ_STAG2_DRESS_Z_SET_HOME_DONE,,,,,,,,
E0463,310442,EQ_STAG2_DRESS_Z_MOVE_POS_ERROR,,,,,,,,
E0464,310443,EQ_STAG2_DRESS_Z_MOVE_STEP_ERROR,,,,,,,,
E0465,310444,EQ_STAG2_DRESS_Z_MOVE_JOG_ERROR,,,,,,,,
E0466,310445,EQ_STAG2_DRESS_Z_MOVE_HOME_ERROR,,,,,,,,
E0467,310446,EQ_STAG2_DRESS_Z_CANCEL_HOMING_ERROR,,,,,,,,
E0468,310447,EQ_STAG2_DRESS_Z_PAUSE_ERROR,,,,,,,,
E0469,310448,EQ_STAG2_DRESS_Z_RESUME_ERROR,,,,,,,,
E0470,310449,EQ_STAG2_DRESS_Z_STOP_ERROR,,,,,,,,
E0471,310450,EQ_STAG2_DRESS_Z_ESTOP_ERROR,,,,,,,,
E0472,310451,EQ_STAG2_DRESS_Z_WRITE_HOME_PARA,,,,,,,,
E0473,310452,EQ_STAG2_DRESS_Z_MEASURE_LIMIT_ERROR,,,,,,,,
E0474,310453,EQ_STAG2_DRESS_Z_ERROR_END,,,,,,,,
E0475,310454,EQ_STAG2_TABLE_R_ERROR,,,,,,,,
E0476,310455,EQ_STAG2_TABLE_R_NOT_HOME_DONE,,,,,,,,
E0477,310456,EQ_STAG2_TABLE_R_HOME_TIMEOUT,,,,,,,,
E0478,310457,EQ_STAG2_TABLE_R_NOT_DETECT,,,,,,,,
E0479,310458,EQ_STAG2_TABLE_R_POT_DETECT,,,,,,,,
E0480,310459,EQ_STAG2_TABLE_R_SERVO_IS_OFF,,,,,,,,
E0481,310460,EQ_STAG2_TABLE_R_SERVO_ON_TIMEOUT,,,,,,,,
E0482,310461,EQ_STAG2_TABLE_R_BUSY,,,,,,,,
E0483,310462,EQ_STAG2_TABLE_R_ALARM_ON,,,,,,,,
E0484,310463,EQ_STAG2_TABLE_R_MOVE_TIMEOUT,,,,,,,,
E0485,310464,EQ_STAG2_TABLE_R_POSITION_GAP,,,,,,,,
E0486,310465,EQ_STAG2_TABLE_R_POSITION_NEGATIVE_LIMIT,,,,,,,,
E0487,310466,EQ_STAG2_TABLE_R_POSITION_POSITIVE_LIMIT,,,,,,,,
E0488,310467,EQ_STAG2_TABLE_R_SET_SERVO,,,,,,,,
E0489,310468,EQ_STAG2_TABLE_R_SET_CLEAR_ALARM,,,,,,,,
E0490,310469,EQ_STAG2_TABLE_R_SET_HOME_DONE,,,,,,,,
E0491,310470,EQ_STAG2_TABLE_R_MOVE_POS_ERROR,,,,,,,,
E0492,310471,EQ_STAG2_TABLE_R_MOVE_STEP_ERROR,,,,,,,,
E0493,310472,EQ_STAG2_TABLE_R_MOVE_JOG_ERROR,,,,,,,,
E0494,310473,EQ_STAG2_TABLE_R_MOVE_HOME_ERROR,,,,,,,,
E0495,310474,EQ_STAG2_TABLE_R_CANCEL_HOMING_ERROR,,,,,,,,
E0496,310475,EQ_STAG2_TABLE_R_PAUSE_ERROR,,,,,,,,
E0497,310476,EQ_STAG2_TABLE_R_RESUME_ERROR,,,,,,,,
E0498,310477,EQ_STAG2_TABLE_R_STOP_ERROR,,,,,,,,
E0499,310478,EQ_STAG2_TABLE_R_ESTOP_ERROR,,,,,,,,
E0500,310479,EQ_STAG2_TABLE_R_WRITE_HOME_PARA,,,,,,,,
E0501,310480,EQ_STAG2_TABLE_R_ERROR_END,,,,,,,,
E0502,310481,EQ_STAG2_TABLE_Y_ERROR,,,,,,,,
E0503,310482,EQ_STAG2_TABLE_Y_NOT_HOME_DONE,,,,,,,,
E0504,310483,EQ_STAG2_TABLE_Y_HOME_TIMEOUT,,,,,,,,
E0505,310484,EQ_STAG2_TABLE_Y_NOT_DETECT,,,,,,,,
E0506,310485,EQ_STAG2_TABLE_Y_POT_DETECT,,,,,,,,
E0507,310486,EQ_STAG2_TABLE_Y_SERVO_IS_OFF,,,,,,,,
E0508,310487,EQ_STAG2_TABLE_Y_SERVO_ON_TIMEOUT,,,,,,,,
E0509,310488,EQ_STAG2_TABLE_Y_BUSY,,,,,,,,
E0510,310489,EQ_STAG2_TABLE_Y_ALARM_ON,,,,,,,,
E0511,310490,EQ_STAG2_TABLE_Y_MOVE_TIMEOUT,,,,,,,,
E0512,310491,EQ_STAG2_TABLE_Y_POSITION_GAP,,,,,,,,
E0513,310492,EQ_STAG2_TABLE_Y_POSITION_NEGATIVE_LIMIT,,,,,,,,
E0514,310493,EQ_STAG2_TABLE_Y_POSITION_POSITIVE_LIMIT,,,,,,,,
E0515,310494,EQ_STAG2_TABLE_Y_SET_SERVO,,,,,,,,
E0516,310495,EQ_STAG2_TABLE_Y_SET_CLEAR_ALARM,,,,,,,,
E0517,310496,EQ_STAG2_TABLE_Y_SET_HOME_DONE,,,,,,,,
E0518,310497,EQ_STAG2_TABLE_Y_MOVE_POS_ERROR,,,,,,,,
E0519,310498,EQ_STAG2_TABLE_Y_MOVE_STEP_ERROR,,,,,,,,
E0520,310499,EQ_STAG2_TABLE_Y_MOVE_JOG_ERROR,,,,,,,,
E0521,310500,EQ_STAG2_TABLE_Y_MOVE_HOME_ERROR,,,,,,,,
E0522,310501,EQ_STAG2_TABLE_Y_CANCEL_HOMING_ERROR,,,,,,,,
E0523,310502,EQ_STAG2_TABLE_Y_PAUSE_ERROR,,,,,,,,
E0524,310503,EQ_STAG2_TABLE_Y_RESUME_ERROR,,,,,,,,
E0525,310504,EQ_STAG2_TABLE_Y_STOP_ERROR,,,,,,,,
E0526,310505,EQ_STAG2_TABLE_Y_ESTOP_ERROR,,,,,,,,
E0527,310506,EQ_STAG2_TABLE_Y_WRITE_HOME_PARA,,,,,,,,
E0528,310507,EQ_STAG2_TABLE_Y_ERROR_END,,,,,,,,
E0529,310508,EQ_STAG2_DRESS_R_ERROR,,,,,,,,
E0530,310509,EQ_STAG2_DRESS_R_NOT_HOME_DONE,,,,,,,,
E0531,310510,EQ_STAG2_DRESS_R_HOME_TIMEOUT,,,,,,,,
E0532,310511,EQ_STAG2_DRESS_R_NOT_DETECT,,,,,,,,
E0533,310512,EQ_STAG2_DRESS_R_POT_DETECT,,,,,,,,
E0534,310513,EQ_STAG2_DRESS_R_SERVO_IS_OFF,,,,,,,,
E0535,310514,EQ_STAG2_DRESS_R_SERVO_ON_TIMEOUT,,,,,,,,
E0536,310515,EQ_STAG2_DRESS_R_BUSY,,,,,,,,
E0537,310516,EQ_STAG2_DRESS_R_ALARM_ON,,,,,,,,
E0538,310517,EQ_STAG2_DRESS_R_MOVE_TIMEOUT,,,,,,,,
E0539,310518,EQ_STAG2_DRESS_R_POSITION_GAP,,,,,,,,
E0540,310519,EQ_STAG2_DRESS_R_POSITION_NEGATIVE_LIMIT,,,,,,,,
E0541,310520,EQ_STAG2_DRESS_R_POSITION_POSITIVE_LIMIT,,,,,,,,
E0542,310521,EQ_STAG2_DRESS_R_SET_SERVO,,,,,,,,
E0543,310522,EQ_STAG2_DRESS_R_SET_CLEAR_ALARM,,,,,,,,
E0544,310523,EQ_STAG2_DRESS_R_SET_HOME_DONE,,,,,,,,
E0545,310524,EQ_STAG2_DRESS_R_MOVE_POS_ERROR,,,,,,,,
E0546,310525,EQ_STAG2_DRESS_R_MOVE_STEP_ERROR,,,,,,,,
E0547,310526,EQ_STAG2_DRESS_R_MOVE_JOG_ERROR,,,,,,,,
E0548,310527,EQ_STAG2_DRESS_R_MOVE_HOME_ERROR,,,,,,,,
E0549,310528,EQ_STAG2_DRESS_R_CANCEL_HOMING_ERROR,,,,,,,,
E0550,310529,EQ_STAG2_DRESS_R_PAUSE_ERROR,,,,,,,,
E0551,310530,EQ_STAG2_DRESS_R_RESUME_ERROR,,,,,,,,
E0552,310531,EQ_STAG2_DRESS_R_STOP_ERROR,,,,,,,,
E0553,310532,EQ_STAG2_DRESS_R_ESTOP_ERROR,,,,,,,,
E0554,310533,EQ_STAG2_DRESS_R_WRITE_HOME_PARA,,,,,,,,
E0555,310534,EQ_STAG2_DRESS_R_ERROR_END,,,,,,,,
E0556,310535,EQ_LPnP_Y_ERROR,,,,,,,,
E0557,310536,EQ_LPnP_Y_NOT_HOME_DONE,,,,,,,,
E0558,310537,EQ_LPnP_Y_HOME_TIMEOUT,,,,,,,,
E0559,310538,EQ_LPnP_Y_NOT_DETECT,,,,,,,,
E0560,310539,EQ_LPnP_Y_POT_DETECT,,,,,,,,
E0561,310540,EQ_LPnP_Y_SERVO_IS_OFF,,,,,,,,
E0562,310541,EQ_LPnP_Y_SERVO_ON_TIMEOUT,,,,,,,,
E0563,310542,EQ_LPnP_Y_BUSY,,,,,,,,
E0564,310543,EQ_LPnP_Y_ALARM_ON,,,,,,,,
E0565,310544,EQ_LPnP_Y_MOVE_TIMEOUT,,,,,,,,
E0566,310545,EQ_LPnP_Y_POSITION_GAP,,,,,,,,
E0567,310546,EQ_LPnP_Y_POSITION_NEGATIVE_LIMIT,,,,,,,,
E0568,310547,EQ_LPnP_Y_POSITION_POSITIVE_LIMIT,,,,,,,,
E0569,310548,EQ_LPnP_Y_SET_SERVO,,,,,,,,
E0570,310549,EQ_LPnP_Y_SET_CLEAR_ALARM,,,,,,,,
E0571,310550,EQ_LPnP_Y_SET_HOME_DONE,,,,,,,,
E0572,310551,EQ_LPnP_Y_MOVE_POS_ERROR,,,,,,,,
E0573,310552,EQ_LPnP_Y_MOVE_STEP_ERROR,,,,,,,,
E0574,310553,EQ_LPnP_Y_MOVE_JOG_ERROR,,,,,,,,
E0575,310554,EQ_LPnP_Y_MOVE_HOME_ERROR,,,,,,,,
E0576,310555,EQ_LPnP_Y_CANCEL_HOMING_ERROR,,,,,,,,
E0577,310556,EQ_LPnP_Y_PAUSE_ERROR,,,,,,,,
E0578,310557,EQ_LPnP_Y_RESUME_ERROR,,,,,,,,
E0579,310558,EQ_LPnP_Y_STOP_ERROR,,,,,,,,
E0580,310559,EQ_LPnP_Y_ESTOP_ERROR,,,,,,,,
E0581,310560,EQ_LPnP_Y_WRITE_HOME_PARA,,,,,,,,
E0582,310561,EQ_LPnP_Y_ERROR_END,,,,,,,,
E0583,310562,EQ_LPnP_R_ERROR,,,,,,,,
E0584,310563,EQ_LPnP_R_NOT_HOME_DONE,,,,,,,,
E0585,310564,EQ_LPnP_R_HOME_TIMEOUT,,,,,,,,
E0586,310565,EQ_LPnP_R_NOT_DETECT,,,,,,,,
E0587,310566,EQ_LPnP_R_POT_DETECT,,,,,,,,
E0588,310567,EQ_LPnP_R_SERVO_IS_OFF,,,,,,,,
E0589,310568,EQ_LPnP_R_SERVO_ON_TIMEOUT,,,,,,,,
E0590,310569,EQ_LPnP_R_BUSY,,,,,,,,
E0591,310570,EQ_LPnP_R_ALARM_ON,,,,,,,,
E0592,310571,EQ_LPnP_R_MOVE_TIMEOUT,,,,,,,,
E0593,310572,EQ_LPnP_R_POSITION_GAP,,,,,,,,
E0594,310573,EQ_LPnP_R_POSITION_NEGATIVE_LIMIT,,,,,,,,
E0595,310574,EQ_LPnP_R_POSITION_POSITIVE_LIMIT,,,,,,,,
E0596,310575,EQ_LPnP_R_SET_SERVO,,,,,,,,
E0597,310576,EQ_LPnP_R_SET_CLEAR_ALARM,,,,,,,,
E0598,310577,EQ_LPnP_R_SET_HOME_DONE,,,,,,,,
E0599,310578,EQ_LPnP_R_MOVE_POS_ERROR,,,,,,,,
E0600,310579,EQ_LPnP_R_MOVE_STEP_ERROR,,,,,,,,
E0601,310580,EQ_LPnP_R_MOVE_JOG_ERROR,,,,,,,,
E0602,310581,EQ_LPnP_R_MOVE_HOME_ERROR,,,,,,,,
E0603,310582,EQ_LPnP_R_CANCEL_HOMING_ERROR,,,,,,,,
E0604,310583,EQ_LPnP_R_PAUSE_ERROR,,,,,,,,
E0605,310584,EQ_LPnP_R_RESUME_ERROR,,,,,,,,
E0606,310585,EQ_LPnP_R_STOP_ERROR,,,,,,,,
E0607,310586,EQ_LPnP_R_ESTOP_ERROR,,,,,,,,
E0608,310587,EQ_LPnP_R_WRITE_HOME_PARA,,,,,,,,
E0609,310588,EQ_LPnP_R_ERROR_END,,,,,,,,
E0610,310589,EQ_UPnP_Z_ERROR,,,,,,,,
E0611,310590,EQ_UPnP_Z_NOT_HOME_DONE,,,,,,,,
E0612,310591,EQ_UPnP_Z_HOME_TIMEOUT,,,,,,,,
E0613,310592,EQ_UPnP_Z_NOT_DETECT,,,,,,,,
E0614,310593,EQ_UPnP_Z_POT_DETECT,,,,,,,,
E0615,310594,EQ_UPnP_Z_SERVO_IS_OFF,,,,,,,,
E0616,310595,EQ_UPnP_Z_SERVO_ON_TIMEOUT,,,,,,,,
E0617,310596,EQ_UPnP_Z_BUSY,,,,,,,,
E0618,310597,EQ_UPnP_Z_ALARM_ON,,,,,,,,
E0619,310598,EQ_UPnP_Z_MOVE_TIMEOUT,,,,,,,,
E0620,310599,EQ_UPnP_Z_POSITION_GAP,,,,,,,,
E0621,310600,EQ_UPnP_Z_POSITION_NEGATIVE_LIMIT,,,,,,,,
E0622,310601,EQ_UPnP_Z_POSITION_POSITIVE_LIMIT,,,,,,,,
E0623,310602,EQ_UPnP_Z_SET_SERVO,,,,,,,,
E0624,310603,EQ_UPnP_Z_SET_CLEAR_ALARM,,,,,,,,
E0625,310604,EQ_UPnP_Z_SET_HOME_DONE,,,,,,,,
E0626,310605,EQ_UPnP_Z_MOVE_POS_ERROR,,,,,,,,
E0627,310606,EQ_UPnP_Z_MOVE_STEP_ERROR,,,,,,,,
E0628,310607,EQ_UPnP_Z_MOVE_JOG_ERROR,,,,,,,,
E0629,310608,EQ_UPnP_Z_MOVE_HOME_ERROR,,,,,,,,
E0630,310609,EQ_UPnP_Z_CANCEL_HOMING_ERROR,,,,,,,,
E0631,310610,EQ_UPnP_Z_PAUSE_ERROR,,,,,,,,
E0632,310611,EQ_UPnP_Z_RESUME_ERROR,,,,,,,,
E0633,310612,EQ_UPnP_Z_STOP_ERROR,,,,,,,,
E0634,310613,EQ_UPnP_Z_ESTOP_ERROR,,,,,,,,
E0635,310614,EQ_UPnP_Z_WRITE_HOME_PARA,,,,,,,,
E0636,310615,EQ_UPnP_Z_ERROR_END,,,,,,,,
E0637,310616,EQ_IO_ERROR,,,,,,,,
E0638,310617,EQ_SPINDLE_ERROR,,,,,,,,
E0639,310618,EQ_SPINDLE1_ERROR_BEGIN,,,,,,,,
E0640,310619,EQ_SPINDLE1_INVALID_SET_VALUE,,,,,,,,
E0641,310620,EQ_SPINDLE1_STOP_TIMEOUT_ERROR,,,,,,,,
E0642,310621,EQ_SPINDLE1_STOP_ERROR,,,,,,,,
E0643,310622,EQ_SPINDLE1_RUN_ERROR,,,,,,,,
E0644,310623,EQ_SPINDLE1_RPM_ERROR,,,,,,,,
E0645,310624,EQ_SPINDLE1_SERVO_ON_TIMEOUT_ERROR,,,,,,,,
E0646,310625,EQ_SPINDLE1_SERVO_IS_OFF,,,,,,,,
E0647,310626,EQ_SPINDLE1_ERROR_END,,,,,,,,
E0648,310627,EQ_DRESS1_ERROR_BEGIN,,,,,,,,
E0649,310628,EQ_DRESS1_INVALID_SET_VALUE,,,,,,,,
E0650,310629,EQ_DRESS1_STOP_TIMEOUT_ERROR,,,,,,,,
E0651,310630,EQ_DRESS1_STOP_ERROR,,,,,,,,
E0652,310631,EQ_DRESS1_RUN_ERROR,,,,,,,,
E0653,310632,EQ_DRESS1_RPM_ERROR,,,,,,,,
E0654,310633,EQ_DRESS1_SERVO_ON_TIMEOUT_ERROR,,,,,,,,
E0655,310634,EQ_DRESS1_SERVO_IS_OFF,,,,,,,,
E0656,310635,EQ_DRESS1_ERROR_END,,,,,,,,
E0657,310636,EQ_SPINDLE2_ERROR_BEGIN,,,,,,,,
E0658,310637,EQ_SPINDLE2_INVALID_SET_VALUE,,,,,,,,
E0659,310638,EQ_SPINDLE2_STOP_TIMEOUT_ERROR,,,,,,,,
E0660,310639,EQ_SPINDLE2_STOP_ERROR,,,,,,,,
E0661,310640,EQ_SPINDLE2_RUN_ERROR,,,,,,,,
E0662,310641,EQ_SPINDLE2_RPM_ERROR,,,,,,,,
E0663,310642,EQ_SPINDLE2_SERVO_ON_TIMEOUT_ERROR,,,,,,,,
E0664,310643,EQ_SPINDLE2_SERVO_IS_OFF,,,,,,,,
E0665,310644,EQ_SPINDLE2_ERROR_END,,,,,,,,
E0666,310645,EQ_DRESS2_ERROR_BEGIN,,,,,,,,
E0667,310646,EQ_DRESS2_INVALID_SET_VALUE,,,,,,,,
E0668,310647,EQ_DRESS2_STOP_TIMEOUT_ERROR,,,,,,,,
E0669,310648,EQ_DRESS2_STOP_ERROR,,,,,,,,
E0670,310649,EQ_DRESS2_RUN_ERROR,,,,,,,,
E0671,310650,EQ_DRESS2_RPM_ERROR,,,,,,,,
E0672,310651,EQ_DRESS2_SERVO_ON_TIMEOUT_ERROR,,,,,,,,
E0673,310652,EQ_DRESS2_SERVO_IS_OFF,,,,,,,,
E0674,310653,EQ_DRESS2_ERROR_END,,,,,,,,
E0675,310654,DOOR_LOCK_SKIP_ALARM,,,,,,,,
E0676,310655,GRD_LEFTDOOR_NOTOPEN_ERROR,,,,,,,,
E0677,310656,GRD_LEFTDOOR_NOTCLOSE_ERROR,,,,,,,,
E0678,310657,GRD_RIGHTDOOR_NOTOPEN_ERROR,,,,,,,,
E0679,310658,GRD_RIGHTDOOR_NOTCLOSE_ERROR,,,,,,,,
E0680,310659,SAFETY_DOOR_LOCK_ALARM_ERROR,,,,,,,,
E0681,310660,LDR_MAGAZINE_EMPTY_ERROR,,,,,,,,
E0682,310661,Work_Finish,,,,,,,,
EOF,,,,,,,,,,
